Instance,INF_avg,INF_sd,INF_r1,INF_kr,INF_sk,SUP_avg,SUP_sd,SUP_r1,SUP_kr,SUP_sk,INC_avg,INC_sd,INC_r1,INC_kr,INC_sk,IND_avg,IND_sd,IND_r1,IND_kr,IND_sk,class,type,vertices,IBEA_HV,SPEA2_HV,MOEAD_HV
1,0.2552910053,0.1523290439,-0.0008274293,1.5,0.0520591765,0.0753968254,0.0585905677,-0.0136518771,1.5,-0.2007001872,0.6693121693,0.0939805273,-0.0005162623,1.5,0.0422019093,0.369047619,0.0350466701,-0.9411764706,1.5,0.4703304603,1,1,5,-0.7822976916,-0.7822976916,-0.78197507498
2,0.3055555556,0.1388888889,-1.0,1.0,0.0,0.0416666667,0.0416666667,-1.0,1.0,0.0,0.6527777778,0.0972222222,-1.0,1.0,0.0,0.4027777778,0.1527777778,-1.0,1.0,0.0,1,1,5,-0.7430794881,-0.7430794881,-0.7430461820400001
3,0.4351851852,0.1328953712,-0.1091314031,1.5,-0.6155602359,0.1111111111,0.1039349274,-0.0384615385,1.5,0.3818017742,0.4537037037,0.0346449758,-0.3902439024,1.5,0.3818017742,0.4259259259,0.01309457,-0.5,1.5,0.7071067812,1,1,5,-0.7996889327,-0.7996889327,-0.79936463358
4,0.5222222222,0.0777777778,-1.0,1.0,0.0,0.0555555556,0.0555555556,-1.0,1.0,0.0,0.4222222222,0.0222222222,-1.0,1.0,0.0,0.5222222222,0.0777777778,-1.0,1.0,0.0,1,1,5,-0.7517813631,-0.7517813631,-0.751164965
5,0.4,0.1296362432,-0.6224489796,1.8819752749,0.4972591639,0.1527777778,0.1202813061,0.2402234637,1.9237333333,0.3233161507,0.4472222222,0.062915287,-0.5507657402,2.304834536,1.1133301216,0.3777777778,0.0471404521,0.0588235294,1.4074074074,0.3142696805,1,1,5,-0.7816703334,-0.7816703334,-0.7816703334
6,0.6,0.0,0.0,0.0,0.0,0.0,0.0,0.0,0.0,0.0,0.4,0.0,0.0,0.0,0.0,0.6,0.0,0.0,0.0,0.0,1,1,5,-0.737683458135,-0.7377964638,-0.73774623906
7,0.5354285714,0.0970015779,-0.1795026515,2.5041780395,-0.5517510287,0.1657142857,0.0781277517,0.6981429573,1.3700750507,0.0490036405,0.2988571429,0.0670854871,-0.420666296,1.6122310422,-0.0934553673,0.1594285714,0.0339753145,0.3162490876,1.2720902331,-0.1300528193,1,1,8,-0.8307135604900001,-0.8201250117400001,-0.8160555260600001
8,0.5017582418,0.1183841529,0.5769903731,1.3462374329,0.3405796086,0.0887912088,0.0463514579,0.4487838584,2.8861062786,-1.1872657566,0.4094505495,0.0891459204,0.2114238158,1.6188813816,-0.0788568314,0.2147252747,0.0416735855,-0.9015475607,2.2671381505,-0.6181437539,1,1,8,-0.867486659555,-0.909953838135,-0.908781593595
9,0.5052680653,0.0336200566,-0.3761075812,1.4537714972,-0.4738325622,0.1226307026,0.0230131671,-0.3145964304,1.3848762844,0.1073846508,0.3721012321,0.0375591098,-0.0609426257,2.4737861052,-0.4688883834,0.1875524476,0.0236110002,0.3143337778,2.8184534419,-1.1000071738,1,1,8,-0.8451116836000001,-0.86560129819,-0.866006241915
10,0.3155988456,0.1976843849,0.5617576882,1.6268996483,-0.0531870456,0.2725729826,0.1347432532,0.5333137855,1.4048020029,0.4502396977,0.4118281718,0.092817685,-0.1269074669,1.4822503415,0.0461517635,0.2383183483,0.023856948,-0.2198340199,2.2100377616,-0.2115074808,1,1,8,-0.78233941719,-0.8456695959699999,-0.847007191905
11,0.4725274725,0.1012142995,0.1038514443,1.9921774786,0.1078607108,0.068040293,0.0402166901,-0.7201245106,2.2008290685,-1.0051664261,0.4594322344,0.0682186492,0.2073540114,1.9747423792,0.5672624377,0.2768315018,0.0679328571,-1.0839333421,2.0326184376,0.3854281312,1,1,8,-0.855200685915,-0.84334081333,-0.8425687089249999
12,0.6010119048,0.0254151332,-0.3894876495,1.9569662563,-0.7509556437,0.0823809524,0.0550139129,0.49239098,1.6784684943,-0.4332501067,0.3166071429,0.04966166,-0.0933939124,2.0427733163,-0.571798657,0.284702381,0.073136016,0.3036649481,1.3535035187,-0.0477104022,1,1,8,-0.78064898147,-0.83954993176,-0.8429114419399999
13,0.3113786214,0.120089662,0.4669287554,1.9563551703,-0.6309582413,0.1640445269,0.0564237915,0.6469597337,1.2716094401,-0.1055628142,0.5245768517,0.0759752322,0.1463852501,2.991608319,1.3295240531,0.1458627087,0.0457552461,-0.0845579433,2.584830214,1.0308327277,1,1,10,-0.81292372814,-0.8435807430300001,-0.843804211205
14,0.6509259259,0.072660116,-0.1116014235,1.5,0.4897893905,0.0462962963,0.0363831161,-0.0075046904,1.5,-0.1516410851,0.3027777778,0.037474271,-0.3459459459,1.5,-0.6809718997,0.1592592593,0.04287347,-0.9110320285,1.5,-0.567316578,1,1,10,-0.8995262120699999,-0.870252273205,-0.87448808933
15,0.5494713214,0.0899692224,-0.1060012333,1.5,-0.6088323286,0.0650953984,0.0498902599,-0.0249609984,1.5,-0.2641238229,0.3854332802,0.0509258055,-0.3623603984,1.5,0.463809136,0.2100537539,0.0375754486,-0.4368500832,1.5,0.7028509664,1,1,10,-0.8341680580349999,-0.883145719675,-0.8937313512999999
16,0.5869825708,0.0699448628,-0.1305895108,1.5,-0.6547253394,0.0851851852,0.0643635081,-0.0424403183,1.5,-0.3330665464,0.327832244,0.0373732815,-0.7840957482,1.5,-0.7045125225,0.1761982571,0.0717819878,-0.00018832,1.5,0.0250348559,1,1,10,-0.91009308044,-0.89481076328,-0.90014748544
17,0.5209619745,0.0720669225,0.3039128127,2.2744035453,-0.2358425287,0.1434249084,0.0207566379,0.3139634497,1.3438396796,0.3884609874,0.335613117,0.0577397589,0.0254328749,2.0445922191,0.0603422147,0.1379321472,0.0253910506,0.5705051925,1.7810518472,0.0784707013,1,1,10,-0.922143150785,-0.94980149664,-0.95763748021
18,0.4545613117,0.0970385852,0.5675593183,1.5728937608,-0.3166545355,0.0986551544,0.0816908636,0.2934914206,2.5573935279,1.0319982331,0.4467835339,0.0350854195,0.1902647135,1.7733420815,0.2081826574,0.199897087,0.0469526715,0.0496786596,2.7902210556,1.1275314932,1,1,10,-0.8746622492249999,-0.8681950274349999,-0.87228294636
19,0.8677387914,0.0240955701,-0.0626617701,1.5,0.3917770157,0.0419103314,0.0302301412,-0.1890067502,1.5,-0.5851024021,0.0903508772,0.0070539989,-0.8767123288,1.5,0.5076720034,0.084502924,0.0122038811,-0.0066197766,1.5,0.1428761421,1,1,20,-0.74886535544,-0.75699315611,-0.7864238003849999
20,0.8082191781,0.0,0.0,0.0,0.0,0.0068493151,0.0068493151,-1.0,1.0,0.0,0.1849315068,0.0068493151,-1.0,1.0,0.0,0.1164383562,0.0068493151,-1.0,1.0,0.0,1,1,20,-0.7693178964999999,-0.7837758787,-0.814909627325
21,0.5726292753,0.0382663424,0.6683268386,2.1610032967,0.2075981779,0.0777928385,0.0227175049,0.6711252534,1.9902710348,-0.1866984622,0.3495778862,0.03242112,0.4098637537,3.8338896701,1.4621779939,0.0444687417,0.0131446616,0.2518497121,2.9185956852,-0.6489773633,1,1,20,-0.74889904875,-0.7619802822899999,-0.79402493736
22,0.6330014225,0.0273762306,0.4271071988,1.5776887922,-0.1923081683,0.0280346136,0.0247985139,0.1582159339,2.0309770656,0.6326969852,0.338963964,0.0073845028,-0.2789115646,2.1487290427,0.9575491626,0.1178237955,0.0240453172,-0.8165191243,1.880301119,0.3344287972,1,1,20,-0.77490415751,-0.79991707355,-0.82360042296
23,0.9,0.0,0.0,0.0,0.0,0.0,0.0,0.0,0.0,0.0,0.1,0.0,0.0,0.0,0.0,0.15,0.0,0.0,0.0,0.0,1,1,20,-0.7858303956849999,-0.800286015235,-0.837772426425
24,0.4829372447,0.0799698855,1.0189579972,2.3182565493,0.8170904377,0.1980456261,0.0256691928,0.6264037586,1.9051383539,-0.3310241064,0.3190171291,0.0606494656,0.7088867679,2.2941343502,-0.4008813422,0.0527646789,0.0066713553,-0.1252538566,2.0195740548,-0.5378647003,1,1,20,-0.770022298175,-0.79742173178,-0.83245623356
25,0.6764368557,0.1626827141,0.9378886507,1.6374497723,0.0640127758,0.089375,0.060463703,0.8723539193,1.7419964642,0.0621134563,0.2341881443,0.1054410352,0.9081442837,1.7566409032,-0.0637849589,0.0459858247,0.0091142759,0.5451656993,2.6242497691,-0.3449522448,1,1,50,-0.63655165351,-0.651051059885,-0.69311815502
26,0.6263636364,0.1051425636,0.9825954044,1.692322978,0.153842299,0.0652272727,0.0450120507,0.912713735,1.566283342,-0.0266734295,0.3084090909,0.0621469367,0.9548156251,2.0047006889,-0.1910775883,0.0581818182,0.0119226155,0.7593955061,2.3078606679,0.233070126,1,1,50,-0.61293243582,-0.6389953431150001,-0.6845963668699999
27,0.6265909091,0.1174190859,0.9430476834,1.9533707974,-0.1098644266,0.0525,0.0433995706,0.7214412668,4.1109338466,1.1060017265,0.3209090909,0.0790660881,0.9921780902,1.8835527389,-0.1128693855,0.0515909091,0.0108068122,0.5738531826,1.8403588256,0.2079424983,1,1,50,-0.6309000523,-0.63678209746,-0.68863783246
28,0.46,0.0798159648,0.7828254848,2.4133153265,0.3545205394,0.0713235294,0.0387736422,0.8838153257,1.9285309466,-0.1752896808,0.4686764706,0.0520507222,0.4530006771,2.3854021831,0.0648023692,0.0736764706,0.0119008665,0.2168183607,2.0895167317,0.210685738,1,1,50,-0.645028154075,-0.6692843360199999,-0.71137667216
29,0.7906613963,0.0960164411,0.6431086324,1.3870755521,-0.0810523856,0.0140309278,0.0119769414,0.2636600724,2.3162066387,0.6705697029,0.1953076759,0.085169497,0.6574793013,1.3130432397,0.0430669351,0.0495738476,0.0068880003,0.312997717,1.6016582942,0.3626579485,1,1,50,-0.66690714154,-0.67223448446,-0.712341406145
30,0.6197619048,0.092214504,0.9332809086,1.5806095688,0.322639052,0.0671428571,0.0344539523,0.8371726964,2.0442672063,-0.6989699084,0.3130952381,0.0686862465,0.6712560299,1.7221612092,0.1069846161,0.0614285714,0.0151298237,0.4639478394,2.3673147447,0.2521164051,1,1,50,-0.651363448745,-0.6721724572150001,-0.713126918355
31,0.6603125,0.0885732174,0.8574927334,1.9323718955,0.239089114,0.0553125,0.038708395,0.796188813,1.6760556366,0.0308731021,0.284375,0.0532645227,0.8025877463,2.1694062742,-0.3126225991,0.046875,0.0099804496,0.4906673485,2.6367243368,0.7028446749,1,1,100,-0.5551785472049999,-0.577489461165,-0.60934755822
32,0.4421929825,0.0560154861,0.8248356893,2.146543999,0.1100845716,0.0831578947,0.0407886248,0.9117881517,2.4738176617,0.0773130073,0.4746491228,0.0306917277,0.327306519,3.0418988817,0.0745003499,0.0693859649,0.0184026642,0.3775799455,2.65637021,0.6086018816,1,1,100,-0.553021375725,-0.573717826165,-0.610650683225
33,0.6056818182,0.0797196145,0.9563756284,2.1215203101,0.6633452962,0.0675,0.0358262854,0.9266297176,1.9613768623,-0.409975939,0.3268181818,0.0476861295,0.8638440753,1.9360357651,-0.6057193253,0.0595454545,0.0085159064,0.3438902085,2.7042394136,-0.4101288042,1,1,100,-0.562356392805,-0.5790967398,-0.6128964770349999
34,0.9648241206,0.0,0.0,0.0,0.0,0.0,0.0,0.0,0.0,0.0,0.0351758794,0.0,0.0,0.0,0.0,0.0251256281,0.0,0.0,0.0,0.0,1,1,100,-0.551259009875,-0.56937422611,-0.59736843101
35,0.9465319865,0.0123288427,-0.3844085541,1.5,-0.3996816023,0.0066835017,0.0062316402,-0.0371244254,1.5,0.3750790039,0.0467845118,0.0083366827,-0.6593977274,1.5,-0.5211752919,0.0284006734,0.0154199748,-0.2723622938,1.5,0.6472295776,1,1,100,-0.5490118403650001,-0.564613244105,-0.59766679546
36,0.6088095238,0.1175939823,0.7865549339,2.6092900806,-0.678054851,0.0616666667,0.0390766443,0.8410810811,2.9786348499,0.7004421474,0.3295238095,0.084161194,0.6867898488,2.3119708008,0.5187087596,0.0719047619,0.0179600211,0.6546597082,2.5301632377,-0.0645467053,1,1,100,-0.54701561276,-0.55602344983,-0.588571974125
37,0.3835436893,0.0612595587,0.6225484391,2.8084558421,0.1802902512,0.1080582524,0.0548175837,0.9240180228,2.1852524142,0.1071208085,0.5083980583,0.0340987543,-0.071590126,2.7475934704,0.1530716888,0.0689320388,0.0173855548,0.2346807066,2.9420618227,-0.0824555158,1,1,200,-0.48150884206,-0.4934560797349999,-0.5037693478199999
38,0.403649635,0.0618731444,0.7293736492,2.5730505989,-0.0150639425,0.0862773723,0.0504542475,0.8715957238,2.7161046817,0.4419832038,0.5100729927,0.0329231875,0.0031950137,2.8699433179,0.0374267261,0.0866423358,0.0190763878,0.1409366643,2.4488554271,0.159432056,1,1,200,-0.48345049249,-0.4903417929499999,-0.5051928852249999
39,0.3723181818,0.053452091,0.5830363582,2.745931795,-0.2436106426,0.0989545455,0.0498684426,0.8573623567,2.1235655309,0.031353596,0.5287272727,0.0364718843,0.0751037133,3.2106654579,-0.1937251499,0.0761818182,0.0210294952,-0.0268031338,2.9799544484,0.3527291989,1,1,200,-0.479870428365,-0.486258867115,-0.502139292855
40,0.4210655738,0.0660856049,0.8154161374,2.3526907769,0.238883085,0.092704918,0.0457951047,0.8976839269,2.2550417597,-0.529007087,0.4862295082,0.0320687752,0.2110113792,2.5115352806,0.2292119149,0.0742622951,0.0210548866,0.3998387121,2.7190312018,0.2480778097,1,1,200,-0.489178280695,-0.497909299165,-0.5089116274050001
41,0.4011678832,0.0612320666,0.6563320179,2.8078912504,0.2374628145,0.0857664234,0.0562868387,0.9158038355,2.2943450314,0.4690692337,0.5130656934,0.0400330528,0.1090544569,3.3550619089,-0.1204562177,0.0670072993,0.018575746,0.2297900607,5.869628864,1.0634446469,1,1,200,-0.4820071582499999,-0.491291187485,-0.50217961514
42,0.3852459016,0.0480857007,0.6099998287,2.3191622632,-0.1380320812,0.0606967213,0.0465679284,0.8972329514,3.1171579699,1.0227322466,0.554057377,0.0344115162,0.2423856715,2.3790750461,-0.0884052312,0.080204918,0.0175251288,0.0817735471,3.2029947979,0.2776748423,1,1,200,-0.4803948113349999,-0.489434359345,-0.501429124715
43,0.35,0.15,-1.0,1.0,0.0,0.1,0.1,-1.0,1.0,0.0,0.55,0.05,-1.0,1.0,-0.0,0.3916666667,0.1916666667,-1.0,1.0,-0.0,1,0,5,-0.8305577276000001,-0.8305577276000001,-0.8252507568949999
44,0.4,0.0,0.0,0.0,0.0,0.0,0.0,0.0,0.0,0.0,0.6,0.0,0.0,0.0,0.0,0.6,0.0,0.0,0.0,0.0,1,0,5,-0.7870785051,-0.7870785051,-0.787053407345
45,0.4444444444,0.0,0.0,0.0,0.0,0.0,0.0,0.0,0.0,0.0,0.5555555556,0.0,0.0,0.0,0.0,0.3333333333,0.0,0.0,0.0,0.0,1,0,5,-0.82023644179,-0.8212515703,-0.81909417798
46,0.5333333333,0.0654204509,-0.0588235294,1.5,-0.4703304603,0.1111111111,0.0907218423,0.0,1.5,0.0,0.3555555556,0.0314269681,-0.5,1.5,0.7071067812,0.4296296296,0.020951312,-0.5,1.5,-0.7071067812,1,0,5,-0.8112137575,-0.8112137575,-0.81108537694
47,0.4,0.1906454275,0.4041811847,2.2035975898,-0.7354878277,0.1533333333,0.0928027245,0.3066430917,2.0047410256,-0.4742722985,0.4466666667,0.1257864151,0.3096476025,2.1453414973,0.782492817,0.3822222222,0.0430904876,-0.0462555066,1.5439112721,0.0460847791,1,0,5,-0.8358889595999999,-0.8358889595999999,-0.8358889595999999
48,0.4763888889,0.1354220084,0.1086458299,2.1555300818,-0.9265875559,0.1319444444,0.0908103947,0.3931888545,1.8343079922,-0.2066083217,0.3916666667,0.0682112731,-0.1835205993,1.8580975718,0.6892544771,0.3708333333,0.0379601399,-0.2862190813,1.0946436348,0.071412892,1,0,5,-0.8523998501,-0.8523998501,-0.852121898265
49,0.5298655188,0.0800125399,0.2924550164,1.8402099852,-0.5258491031,0.0581067639,0.0457027036,0.3323405729,1.8099454316,0.2535976133,0.4120277173,0.0351341944,0.2274918625,1.9440196952,0.7603023301,0.2429088512,0.0825273901,0.3769406505,2.1411128418,0.9377433955,1,0,8,-0.8757560167699999,-0.8639684963,-0.8688470772900001
50,0.556969697,0.0901870315,0.6090893931,1.190178189,0.3663363447,0.0582550783,0.0187353883,0.2629965483,2.1443774496,0.7679713838,0.3847752248,0.0821980558,0.4892506545,1.2035551338,-0.3173333527,0.1356177156,0.0365010146,0.3540955198,1.664684635,0.1520773666,1,0,8,-0.93170233826,-0.914133370365,-0.91716090797
51,0.5,0.0,0.0,0.0,0.0,0.0,0.0,0.0,0.0,0.0,0.5,0.0,0.0,0.0,0.0,0.5,0.0,0.0,0.0,0.0,1,0,8,-0.8868304862249999,-0.8738915218900001,-0.8691500379500001
52,0.6386904762,0.1061912102,0.4125559081,1.2271740666,-0.1555726887,0.0693223443,0.0436061894,0.4674356694,1.9392193698,-0.6573301354,0.2919871795,0.0716136392,0.2073894297,1.4376076626,0.0088812402,0.2463827839,0.0135737486,0.0478871445,1.7203247571,0.401583554,1,0,8,-0.8999767176700001,-0.8857887765499999,-0.887865041485
53,0.6666666667,0.0,0.0,0.0,0.0,0.0,0.0,0.0,0.0,0.0,0.3333333333,0.0,0.0,0.0,0.0,0.2380952381,0.0,0.0,0.0,0.0,1,0,8,-0.8837884347299999,-0.9277232765,-0.93625581119
54,0.7083333333,0.0416666667,-1.0,1.0,0.0,0.0666666667,0.0666666667,-1.0,1.0,0.0,0.225,0.025,-1.0,1.0,0.0,0.3541666667,0.0208333333,-1.0,1.0,0.0,1,0,8,-0.906096946165,-0.8865492848100001,-0.89279934144
55,0.4930925704,0.1435846625,0.6945944287,1.6786157527,0.1125599407,0.0751133787,0.0793092288,0.2353942495,2.7141658545,1.1044852039,0.431794051,0.0845622814,0.5932163703,2.2075212225,-0.2949689248,0.1599106309,0.02246889,-0.2155365813,3.0827463309,1.3759981103,1,0,10,-0.91012636301,-0.914993446775,-0.92117906575
56,0.8,0.0,0.0,0.0,0.0,0.0,0.0,0.0,0.0,0.0,0.2,0.0,0.0,0.0,0.0,0.2,0.0,0.0,0.0,0.0,1,0,10,-0.8604159770149999,-0.8804328081899999,-0.88981780296
57,0.7037037037,0.0740740741,-1.0,1.0,0.0,0.037037037,0.037037037,-1.0,1.0,0.0,0.2592592593,0.037037037,-1.0,1.0,0.0,0.2037037037,0.0925925926,-1.0,1.0,0.0,1,0,10,-0.918563175455,-0.926416614525,-0.935211152905
58,0.4100374229,0.1156993239,0.1055689287,2.4690960501,0.2075176754,0.1006995386,0.0340652578,0.1043990569,2.5943413619,0.9755050522,0.4892630385,0.0897509536,-0.1291944205,2.7088830567,-0.844694078,0.1408892695,0.0174964826,-0.7644531512,2.2320468871,-0.5450793252,1,0,10,-0.8376151704250001,-0.863942254485,-0.8700563128900001
59,0.5588235294,0.0,0.0,0.0,0.0,0.0,0.0,0.0,0.0,0.0,0.4411764706,0.0,0.0,0.0,0.0,0.2058823529,0.0,0.0,0.0,0.0,1,0,10,-0.91637858189,-0.8970126677450001,-0.91895510179
60,0.6921052632,0.0078947368,-1.0,1.0,-0.0,0.0263157895,0.0263157895,-1.0,1.0,0.0,0.2815789474,0.0184210526,-1.0,1.0,0.0,0.3052631579,0.0947368421,-1.0,1.0,0.0,1,0,10,-0.8987860136849999,-0.89821118195,-0.90610138664
61,0.586450406,0.0504273358,0.6578638032,1.4632762557,-0.1005573003,0.0373786909,0.0292284858,0.0969318701,2.4485554448,0.8766756721,0.3761709031,0.0282577183,0.4956728018,1.7636590502,0.4141605867,0.0708074066,0.0071327002,-1.0801732955,2.6032070509,0.9609124588,1,0,20,-0.78400185537,-0.771609770175,-0.799221209245
62,0.7424207136,0.073122106,0.214966423,3.1776981852,1.4495908471,0.0185620915,0.0148720944,0.4649794754,1.7888438622,0.4063292212,0.2390171949,0.0640625051,-0.0335116445,3.1457735538,-1.4115902711,0.0946785006,0.0100033648,-0.0159653435,1.9217221996,-0.6982119611,1,0,20,-0.788865566635,-0.7971689092,-0.82619861704
63,0.5207839099,0.0577905014,0.7222219471,2.7238520298,1.117039723,0.1435865892,0.0306483958,0.6296336304,1.7791538126,-0.0442826078,0.3356295009,0.0387989359,-0.0397140395,1.867506323,-0.664383907,0.0676266279,0.0104447738,0.5767051579,1.3138867881,-0.2054543167,1,0,20,-0.7810578754499999,-0.801111994165,-0.8321010733850001
64,0.7025296272,0.0389396547,0.7670987393,1.9763767583,0.7523700356,0.0803910795,0.029242162,0.7966473534,2.1326458643,-0.8634755136,0.2170792933,0.0101696899,0.5367188393,1.5470669884,-0.2753073685,0.0904729584,0.0107013199,-0.5504429692,1.4763912662,0.1289851151,1,0,20,-0.82554844907,-0.810843327295,-0.8454361348400001
65,0.3977106227,0.1167404756,0.7493758342,1.7156872067,-0.2626466466,0.2143589744,0.0807885028,0.5681545768,2.3099798589,0.497729928,0.3879304029,0.0428002973,0.5926564132,1.9991861668,0.5322840605,0.0651282051,0.0215440207,0.1441469909,3.2525320477,0.8854494303,1,0,20,-0.7917278535450001,-0.796382927375,-0.82996662579
66,0.5998404499,0.0559405396,0.367008429,2.3310532187,0.11735931,0.1219016128,0.044589285,0.5464690228,1.6896292869,0.3715247503,0.2782579372,0.0202936262,-0.7940564867,1.8800652247,-0.7426822073,0.0609776639,0.0096938794,-0.1637211041,1.8734629541,-0.154769739,1,0,20,-0.8050527539600001,-0.788983489385,-0.8230634097199999
67,0.5468571429,0.0953571161,0.9357884436,2.1508689972,0.2676393968,0.0788571429,0.0564685211,0.848359943,3.2846884499,0.6689319647,0.3742857143,0.0473006019,0.8406541394,2.5309448075,-0.7350376913,0.0877142857,0.0149925151,0.5958819834,2.5401602873,-0.2427837321,1,0,50,-0.62417215124,-0.646291280255,-0.6943686958549999
68,0.5046590909,0.10951545,0.944367554,1.76148136,0.2788305885,0.0855681818,0.0652984051,0.9037655576,1.7652978737,0.1888935731,0.4097727273,0.0527424547,0.7831475279,2.5137765948,-0.5412850837,0.0565909091,0.0170151245,0.604508224,3.0921618187,0.6333338876,1,0,50,-0.63792750762,-0.6490498996,-0.69562447823
69,0.5366666667,0.100915256,0.8965743961,2.0312408763,0.0732625066,0.0716666667,0.0516128752,0.8790906727,1.8865539247,0.4046999936,0.3916666667,0.0585282458,0.689495195,2.4522887642,-0.2174191163,0.0683333333,0.0129314432,0.5844875346,3.4372137173,0.7394819816,1,0,50,-0.64465137433,-0.64105291581,-0.682321379375
70,0.7028571429,0.0721534646,0.4112085368,3.1160218259,-0.8020718523,0.0342857143,0.0301695887,0.2260408484,3.5807815862,1.1355570429,0.2628571429,0.0445499032,0.4459214502,2.4915062681,0.3922202673,0.0564285714,0.0063887656,-0.4654205607,2.114375,-0.5450415695,1,0,50,-0.61064759776,-0.65984516516,-0.70318689228
71,0.88,0.0,0.0,0.0,0.0,0.0,0.0,0.0,0.0,0.0,0.12,0.0,0.0,0.0,0.0,0.1,0.0,0.0,0.0,0.0,1,0,50,-0.631503887885,-0.663963838875,-0.7038305248900001
72,0.8306766617,0.0748506979,0.5930258808,3.6706522739,-1.2905323035,0.0223032715,0.0168053605,0.7902455586,1.3572236171,0.0622253968,0.1470200668,0.0629806409,0.4968772794,4.0817026259,1.5100697357,0.0384074919,0.0080882414,0.6282968845,2.5197325809,0.2320360095,1,0,50,-0.6407432710300001,-0.651837856405,-0.6857116142749999
73,0.4738636364,0.0882781222,0.9031120534,1.8553459325,-0.1523285944,0.0896590909,0.0527902983,0.9075932675,1.8123181697,0.1975136285,0.4364772727,0.0431643206,0.6325853152,2.3476623725,0.1906611499,0.0726136364,0.0185094766,0.3002074559,3.2256259761,-0.3408640207,1,0,100,-0.55259850399,-0.578890211435,-0.61487613946
74,0.5118181818,0.1204839873,1.0096509053,1.9212678926,0.5902982419,0.0736363636,0.0491329786,0.9289785377,1.5431011618,0.0601938288,0.4145454545,0.0770513764,0.9710080167,2.3320759846,-0.7888775626,0.0762121212,0.0156200291,0.2035594468,3.4786381023,0.0907486391,1,0,100,-0.550770782775,-0.563836626205,-0.5961846021299999
75,0.4417682927,0.0673105832,0.7821768692,2.638985139,0.5645113535,0.0706707317,0.0467071977,0.850718354,2.6859589349,0.4572383981,0.4875609756,0.0360744817,0.444054723,3.0165233454,-0.4919330894,0.0748170732,0.0170266133,0.4540715943,3.1191200915,0.2666295635,1,0,100,-0.550313971385,-0.560850945175,-0.59504438393
76,0.79,0.0527967802,0.3208092486,1.6525166402,-0.5083371546,0.00625,0.0054486237,-0.0196078431,2.0969529086,0.6520236647,0.20375,0.047876795,0.3254361404,1.5782121464,0.4522301303,0.0475,0.0075,-0.0909090909,2.1851851852,0.8888888889,1,0,100,-0.55734155592,-0.56708681018,-0.595054952835
77,0.406744186,0.0556137397,0.6838538499,3.023490669,-0.4839583325,0.0739534884,0.0478315618,0.838419922,2.5638802928,0.5406966064,0.5193023256,0.0360810038,0.3040376208,2.6526038836,-0.0920000239,0.0788372093,0.0202552666,0.1313604402,3.0980160727,-0.2802397092,1,0,100,-0.5689020743150001,-0.57982490448,-0.60699491965
78,0.4972222222,0.0874122135,0.7640128402,2.0671335969,-0.1680605129,0.0788888889,0.0465342035,0.800569678,2.549861617,0.3523407609,0.4238888889,0.0495270845,0.4966760169,2.0166438747,0.2845310346,0.0615277778,0.0134277617,0.3416679817,2.9171796337,0.4302049902,1,0,100,-0.545975467735,-0.55408666883,-0.588276354445
79,0.41,0.056230458,0.6581674393,2.723082433,-0.3399018799,0.086779661,0.0501291781,0.8643533798,2.2892353607,0.3258029278,0.503220339,0.0329774282,0.1153311406,3.1329018499,-0.2437936433,0.0741101695,0.0189628468,0.2182971459,2.9525256901,0.0490650079,1,0,200,-0.48112767563,-0.4913031692699999,-0.500635202185
80,0.4074,0.0558456802,0.7561343147,2.3705232912,0.0115477366,0.07405,0.0470036967,0.8712632791,1.9597618347,0.2985266649,0.51855,0.0285332701,0.0870435506,2.2849873656,0.0557823524,0.07335,0.0162643014,0.1231297047,2.5460136674,0.1929532203,1,0,200,-0.506374683475,-0.517561524115,-0.53345146586
81,0.3893253968,0.0629290138,0.7573473104,3.2177514123,-0.7267548777,0.0916269841,0.0478706482,0.8830654011,2.5102680657,0.3512815983,0.519047619,0.0375209692,0.3307963832,3.1857639194,0.2119504452,0.0723015873,0.0219726633,0.3256417567,3.2080941293,0.5490801475,1,0,200,-0.48860618191,-0.4966151138,-0.5112910508999999
82,0.9548989899,0.0161715957,0.0917258885,2.0034719277,-0.4262576186,0.0075,0.0055901699,0.4545454545,1.64,-0.0,0.0376010101,0.0125214081,-0.0788177594,1.9091722021,-0.023072454,0.0225505051,0.0055682248,-0.1710280625,1.6634108491,-0.0221576073,1,0,200,-0.48343934834,-0.493381760095,-0.501891740215
83,0.6794444444,0.1115657366,0.9987775974,1.8945385171,0.3041789396,0.0672222222,0.0357546509,0.8980055078,2.2542039118,-0.1462829746,0.2533333333,0.0784396442,0.99627058,1.6760493047,-0.3326929041,0.0519444444,0.0129248779,0.2876393657,2.549624778,0.2818045141,1,0,200,-0.483065234975,-0.490849905095,-0.5027036072450001
84,0.4217391304,0.0584139779,0.701082572,2.6105135115,-0.4748125774,0.0865217391,0.0522730037,0.8957801437,2.3795328415,0.5415245694,0.4917391304,0.0260271053,-0.1912506474,2.8010774524,0.4323894073,0.0668478261,0.0175188934,0.2861424441,3.563898951,0.0942960829,1,0,200,-0.477245880125,-0.486980902015,-0.49671534115
85,0.6,0.0,0.0,0.0,0.0,0.0,0.0,0.0,0.0,0.0,0.4,0.0,0.0,0.0,0.0,0.4,0.0,0.0,0.0,0.0,2,1,5,-0.6896647138,-0.6896647138,-0.6896647138
86,0.4666666667,0.1333333333,-1.0,1.0,-0.0,0.0555555556,0.0555555556,-1.0,1.0,0.0,0.4777777778,0.0777777778,-1.0,1.0,0.0,0.4222222222,0.0222222222,-1.0,1.0,0.0,2,1,5,-0.8034619329750001,-0.80370399,-0.80321987595
87,0.5333333333,0.0654204509,-0.0588235294,1.5,-0.4703304603,0.1481481481,0.1385799032,-0.0384615385,1.5,0.3818017742,0.3185185185,0.0733295921,-0.0231213873,1.5,-0.2947996201,0.3925925926,0.0456623259,-0.4336283186,1.5,-0.2390631469,2,1,5,-0.7901391529,-0.7901391529,-0.7901391529
88,0.3688888889,0.1618793942,0.5591416664,1.7967723069,-0.0879769373,0.1855555556,0.1345132973,0.4964860876,2.045486479,0.2729021657,0.4455555556,0.0355555556,-0.0802558883,1.7505378723,0.2319946289,0.3733333333,0.1162373052,-0.0989010989,3.0422437673,1.3040473294,2,1,5,-0.76883826248,-0.7702902218,-0.76883826248
89,0.4375,0.0794827996,0.2510638298,1.9554221782,0.2521069721,0.1111111111,0.0680413817,0.5,2.0,-0.8164965809,0.4513888889,0.0302701316,-0.3866666667,2.0969529086,0.6520236647,0.2986111111,0.102768393,-0.1891891892,1.7088259211,0.1684715108,2,1,5,-0.7327840411,-0.7327840411,-0.7327840411
90,0.3416666667,0.075,-1.0,1.0,0.0,0.0666666667,0.0666666667,-1.0,1.0,0.0,0.5916666667,0.0083333333,-1.0,1.0,0.0,0.225,0.025,-1.0,1.0,0.0,2,1,5,-0.7976365188,-0.7976365188,-0.7976365188
91,0.7083333333,0.0416666667,-1.0,1.0,0.0,0.0666666667,0.0666666667,-1.0,1.0,0.0,0.225,0.025,-1.0,1.0,0.0,0.2583333333,0.0083333333,-1.0,1.0,0.0,2,1,8,-0.788549378935,-0.80850836081,-0.8081775020649999
92,0.5829365079,0.0430368074,-0.0768814969,1.5,-0.532400956,0.1238095238,0.0974349794,-0.0068965517,1.5,-0.1456840507,0.2932539683,0.0589683074,-0.1885342293,1.5,0.58465439,0.2773809524,0.0757115403,-0.0149722736,1.5,0.2094378245,2,1,8,-0.696843095555,-0.761031964955,-0.75989375603
93,0.4545454545,0.1090254199,0.5228050171,1.8118163901,-0.5010160762,0.102020202,0.0882408656,0.4613506698,2.0325958087,0.5409834991,0.4434343434,0.0235052046,0.4230769231,1.1666666667,0.4082482905,0.1641414141,0.0255537589,-0.5544147844,2.7002716064,1.0827867232,2,1,8,-0.775017804495,-0.82304752376,-0.8209172849099999
94,0.5162393162,0.1294864743,-0.1733574007,1.5,-0.6996277636,0.0616161616,0.0650084562,-0.0900631821,1.5,0.5702466349,0.4221445221,0.0661728277,-0.2624290579,1.5,0.6682897084,0.1988344988,0.0977478713,-0.194075585,1.5,-0.7067418746,2,1,8,-0.76905155328,-0.7560671508150001,-0.757302572595
95,0.4323076923,0.0464548589,0.659832246,1.777113475,0.0371208055,0.2492307692,0.1075138937,-0.4597140553,3.0563863567,-1.3570073519,0.3184615385,0.0763982093,-1.1760391198,2.8094464276,1.0027544819,0.2056410256,0.0452736584,-0.4531236755,2.1092602371,-0.2203339988,2,1,8,-0.7675522446099999,-0.830507954035,-0.830190767495
96,0.4577233877,0.1159437539,-0.0519176014,1.9133106678,-0.1688911309,0.1634654235,0.058411302,-0.5675559199,1.964349657,0.0321536665,0.3788111888,0.0692552853,0.1554225919,1.3325783578,0.1812970634,0.1808857809,0.0185076301,-0.5362821525,1.8606763452,0.7363533199,2,1,8,-0.76806492382,-0.87044161484,-0.87285079866
97,0.291721136,0.0764046972,0.4650897954,1.955938904,-0.5902709791,0.3588211788,0.0745769107,0.238141694,2.3113414927,0.7550678422,0.3494576852,0.0178229947,-0.4905347992,2.6854684494,0.7887649837,0.1741915228,0.0336561387,-0.0449118435,2.7154708136,0.9225259861,2,1,10,-0.863436897775,-0.8546208248799999,-0.8658861322450001
98,0.5339612768,0.0919178442,0.4364686417,1.8324173434,-0.342123367,0.1067573696,0.0894721941,0.5452528678,1.7189444134,0.2601226962,0.3592813536,0.0167805226,-0.7529664131,2.1941404991,-0.0334306571,0.1270957614,0.0278813699,-0.5182944158,1.8225703828,-0.5131966708,2,1,10,-0.8102057926549999,-0.8266410588199999,-0.83274496335
99,0.5759803922,0.0892447701,0.1383998844,1.4156491328,-0.2024639874,0.0658823529,0.0712918365,0.2251245926,2.6862815918,1.1096705098,0.3581372549,0.042704604,-0.7573369083,1.9325915652,0.2589095349,0.1512636166,0.0560147349,0.5835917012,2.9230510112,1.238697651,2,1,10,-0.852907215175,-0.811587063865,-0.82524198218
100,0.6169590643,0.0830121027,-0.1529910005,1.5,-0.6834931809,0.0613652869,0.0624525003,-0.074586691,1.5,0.5252090624,0.3216756488,0.0234967502,-0.3971964469,1.5,0.3600444163,0.1736612774,0.0605937154,-0.2442235922,1.5,-0.6873992547,2,1,10,-0.827590927845,-0.846615267005,-0.8572499772300001
101,0.4235179107,0.1845421938,0.529495624,1.51855605,-0.4161101726,0.1809419152,0.1489645409,0.5617530561,1.522473443,0.324477431,0.3955401741,0.0367123152,0.4104008919,1.6280550926,0.6227609372,0.1640987584,0.0207709574,0.4860748138,2.8995734818,1.2337755414,2,1,10,-0.863260636915,-0.859939194815,-0.874106104895
102,0.6921052632,0.0078947368,-1.0,1.0,-0.0,0.0526315789,0.0526315789,-1.0,1.0,0.0,0.2552631579,0.0447368421,-1.0,1.0,0.0,0.2552631579,0.0447368421,-1.0,1.0,-0.0,2,1,10,-0.89570869026,-0.87709572278,-0.896348880725
103,0.8302148302,0.0586974194,0.4573896616,1.2038441779,-0.0699455743,0.0378141299,0.0313543384,0.4424648073,1.4915446474,0.1772206273,0.1319710399,0.0281141461,0.3812588439,1.0160662764,0.0051732814,0.1275622789,0.046672842,-1.0175310046,2.1021006828,0.9036221251,2,1,20,-0.789082874985,-0.76844173641,-0.799438966885
104,0.7433414793,0.0795341395,0.5957354376,1.5597240444,-0.28559144,0.0616886608,0.0297645011,0.5368687045,1.7801128401,0.4009086102,0.1949698599,0.0499506474,0.6199596481,1.4484172289,0.2310458528,0.0422572499,0.0135911862,-0.2914379302,2.5289822644,0.7698284446,2,1,20,-0.7854875918550001,-0.770574812265,-0.797196374465
105,0.6064226699,0.1392327657,0.7258976093,2.3061985,-0.8547790668,0.1090429385,0.0732080749,0.6530091091,3.1097965777,1.0056669542,0.2845343915,0.0691469802,0.7605651922,1.8299247198,0.6572857044,0.0556499796,0.0075529806,0.6696043267,2.1037979149,0.4502051106,2,1,20,-0.786380957355,-0.75814369298,-0.79205140752
106,0.8351774043,0.0315947248,0.2904151404,1.8815427991,-0.1181414856,0.0180438842,0.0154057911,0.2279646781,1.9465631345,0.5176082831,0.1467787115,0.0165306984,0.3336654272,1.9084498286,-0.2765513697,0.0702614379,0.0112211011,-0.1891186072,2.1736603453,0.8624400179,2,1,20,-0.8110335081000001,-0.797400691315,-0.8255285330650001
107,0.7857357128,0.0267696573,-0.5617135437,1.831384714,-0.4482089651,0.0443528173,0.0211082572,0.0749211364,1.9330429507,0.0507080819,0.1699114699,0.0139363759,-0.3261536838,2.9731301026,-1.2880548665,0.0600723336,0.0098209361,-0.047086687,1.7593670917,0.6350529062,2,1,20,-0.835528036375,-0.7745568782000001,-0.8098461635099999
108,0.6691900985,0.0544247453,0.3334621992,1.5397244064,-0.4207605171,0.0200072098,0.0131186046,0.4289508965,1.8145505628,-0.4640127992,0.3108026917,0.0460836908,0.2054870499,1.8846245772,0.6382859546,0.1332011536,0.02803203,-0.3080957694,1.0266566694,0.0200260345,2,1,20,-0.81469538864,-0.7922986994750001,-0.8228340599700001
109,0.6282758621,0.0746748799,0.8968332964,1.9559138683,-0.0670257969,0.0781034483,0.0494524117,0.8986060022,1.9250615758,0.2689003562,0.2936206897,0.0295919535,0.7275768692,3.0565789979,0.2853135356,0.0417241379,0.0109289131,0.8029237922,3.1178604939,-0.127189037,2,1,50,-0.66761134956,-0.64920093884,-0.693955647985
110,0.7463043478,0.0937992467,0.9245477796,1.8036224526,0.2411901595,0.0752173913,0.0485323348,0.923356036,1.5545646905,-0.2490146867,0.1784782609,0.050204685,0.7848558904,2.1345085933,-0.2500093228,0.0413043478,0.0115360862,0.6167864603,2.6754125169,0.3602798244,2,1,50,-0.6628043607949999,-0.64071986215,-0.684860621945
111,0.5892424242,0.1324999783,0.9250145859,1.7578479835,-0.2268445023,0.0915151515,0.0686833407,0.8831691643,2.3922516182,0.6134152415,0.3192424242,0.0669251189,0.9028612453,1.7103972187,-0.0071207266,0.0584848485,0.0126422121,0.5254830033,2.756285919,-0.3773561296,2,1,50,-0.659899730035,-0.635376770425,-0.6788918913599999
112,0.5820833333,0.1610959643,0.8761202694,1.8991864405,-0.2907225375,0.0927083333,0.0639820803,0.8600175927,2.3209075868,0.5024321737,0.3252083333,0.1119382193,0.7668368964,3.7050351723,1.0134620978,0.0570833333,0.012983697,0.371615271,2.6594059868,0.6662214265,2,1,50,-0.684363962775,-0.665667467565,-0.715450933215
113,0.533902439,0.1169871381,0.9593831828,2.0690956755,-0.0604614756,0.0974390244,0.0574044482,0.9068558357,2.2236316605,0.3826962579,0.3686585366,0.0638216302,0.8895430829,2.2178914054,-0.0682987555,0.0535365854,0.0149895859,0.3416300318,2.7761758442,0.6957373626,2,1,50,-0.677539978935,-0.642498186135,-0.690991783175
114,0.573,0.1232894388,0.9699780012,1.7578260148,-0.0463310526,0.0907142857,0.0522513548,0.9100272839,2.0589198744,0.3891649832,0.3362857143,0.0746739853,0.9135422857,1.7854536974,0.0036375322,0.048,0.0114766844,0.5614415979,2.2028387783,-0.0294854142,2,1,50,-0.64700276454,-0.64458695397,-0.687382680265
115,0.4970348837,0.0692458458,0.8201716394,2.3174099094,-0.2654267986,0.0801744186,0.0558363872,0.9003853348,2.0723990528,0.4755918088,0.4227906977,0.0274031556,0.0474347086,2.7279367783,-0.0188115456,0.0560465116,0.0137696219,0.2404873967,2.7282889676,0.3728261944,2,1,100,-0.54511762422,-0.539776270905,-0.579942109945
116,0.5064736842,0.0792991461,0.8122096998,2.6418881554,-0.4518290851,0.0757894737,0.0541698877,0.8444552274,2.8291192755,0.7540435089,0.4177368421,0.0367836378,0.3593131738,2.2805721191,0.1622602508,0.0584736842,0.012608971,0.3865022364,2.5989900122,0.2080517444,2,1,100,-0.5517349271449999,-0.54283663715,-0.586809819875
117,0.561547619,0.0887914095,0.9090683856,2.4739297762,-0.6289290278,0.0678571429,0.0494751363,0.8816585878,2.8222909557,0.9464589451,0.3705952381,0.0439724262,0.7281437114,2.140314896,0.2985427869,0.0520238095,0.0123471379,0.3524016052,2.7047302591,0.3845465186,2,1,100,-0.567935292495,-0.550370045715,-0.5969576937650001
118,0.498125,0.0728499099,0.8070262186,3.0238800039,-0.2527182411,0.10125,0.0452458562,0.8416472179,3.1723392386,-0.2068533767,0.400625,0.041309616,0.5080906149,2.9713179952,0.7269670737,0.04975,0.0120908023,0.1560639537,3.1511398172,0.6313386122,2,1,100,-0.59202608162,-0.589892726565,-0.6293219908700001
119,0.6231034483,0.0798642576,0.8741935032,1.893342206,0.1891510183,0.0615517241,0.0318158345,0.7721633051,3.2041287895,0.1783945583,0.3153448276,0.0525214412,0.7720084607,1.821482433,-0.0426644732,0.0481034483,0.0107007729,-0.0938689257,4.1823837113,0.6463230738,2,1,100,-0.5575873545150001,-0.55806031304,-0.589534755665
120,0.4541447368,0.0715908889,0.7627333237,2.8313496416,-0.628716098,0.1043421053,0.0593015382,0.8512178716,2.5845082642,0.6223455359,0.4415131579,0.0303490629,0.2935533324,2.406584675,-0.1476400143,0.0625657895,0.015185117,0.2724418073,2.0891570849,0.2985463301,2,1,100,-0.558901632435,-0.551844206065,-0.58719549909
121,0.4270901639,0.0544376624,0.5614720869,2.7455929039,-0.1925048852,0.115204918,0.0639396409,0.9048150181,1.7087677242,-0.0043506365,0.457704918,0.0391934439,0.1828208812,2.8382810872,0.1004842244,0.0488934426,0.0135578949,0.1475998277,2.5115489089,0.2293614157,2,1,200,-0.498196174245,-0.49291463019,-0.5061678832000001
122,0.435625,0.0677706865,0.7590174301,2.1671609448,-0.1924812347,0.1079605263,0.0583246226,0.8898267888,1.86876107,0.1293589064,0.4564144737,0.0361485321,-0.0107317723,3.1935228472,-0.0329236822,0.0517105263,0.0128132495,0.1872200756,4.9116179295,0.8910780998,2,1,200,-0.491650929495,-0.49619080927,-0.509661285185
123,0.4832258065,0.0631802557,0.7434923854,2.3461638638,0.0158203005,0.0763978495,0.0460619358,0.8833446139,3.8318587349,1.0057950381,0.4403763441,0.0396099026,0.4196240826,2.8252177776,0.5395107063,0.066344086,0.0137984685,0.1868793461,3.6700202115,0.5208135546,2,1,200,-0.4888046016349999,-0.4838810411899999,-0.50455385392
124,0.5751,0.1132187705,0.9101386192,2.2627193141,-0.362792215,0.0975,0.0712618411,0.9062523974,2.3573976367,0.5471344673,0.3274,0.0458174639,0.8088535619,2.1839928142,0.1926730192,0.0473,0.0121330128,0.58386819,2.3921560688,-0.1234062478,2,1,200,-0.48050750492,-0.4749013890749999,-0.491334212665
125,0.90625,0.0290204669,0.3945339874,1.0729585813,0.0330839376,0.01625,0.0155623745,0.3259423503,1.7224141519,0.5130239585,0.0775,0.0175,-0.0612244898,1.8396501458,0.6297376093,0.02625,0.004145781,-1.1052631579,1.6280991736,-0.4933822002,2,1,200,-0.4920472703999999,-0.48963183732,-0.507664130315
126,0.4446575342,0.0491316987,0.7088971282,2.9969038014,-0.0981862033,0.0698972603,0.0511426597,0.8439804663,4.299287762,1.3519351243,0.4854452055,0.0412805355,0.5094795985,2.8797661777,0.231715218,0.0604452055,0.0160042934,0.1243876499,3.4815192807,0.5871625127,2,1,200,-0.47730933359,-0.479389320735,-0.489287500315
127,0.5277777778,0.0277777778,-1.0,1.0,0.0,0.0416666667,0.0416666667,-1.0,1.0,0.0,0.4305555556,0.0138888889,-1.0,1.0,0.0,0.3888888889,0.0555555556,-1.0,1.0,0.0,2,0,5,-0.8269841605,-0.8269841605,-0.8269841605
128,0.3055555556,0.2069397837,0.3546099291,1.7428780131,-0.3301362218,0.2208333333,0.1875925697,0.4625401019,1.3218932181,0.11025637,0.4736111111,0.0457068963,-0.755846826,1.4002527093,0.0574067479,0.3541666667,0.0360843918,-0.4545454545,2.3333333333,1.1547005384,2,0,5,-0.7392629482399999,-0.7396110126,-0.7385668195199999
129,0.4,0.0,0.0,0.0,0.0,0.0,0.0,0.0,0.0,0.0,0.6,0.0,0.0,0.0,0.0,0.6,0.0,0.0,0.0,0.0,2,0,5,-0.8905506626000002,-0.8905506626000002,-0.8905506626000002
130,0.5555555556,0.0,0.0,0.0,0.0,0.0,0.0,0.0,0.0,0.0,0.4444444444,0.0,0.0,0.0,0.0,0.3333333333,0.0,0.0,0.0,0.0,2,0,5,-0.8121231941,-0.8121231941,-0.8121231941
131,0.6,0.0,0.0,0.0,0.0,0.0,0.0,0.0,0.0,0.0,0.4,0.0,0.0,0.0,0.0,0.4,0.0,0.0,0.0,0.0,2,0,5,-0.8028022418,-0.8028022418,-0.8028022418
132,0.5222222222,0.0777777778,-1.0,1.0,0.0,0.1111111111,0.1111111111,-1.0,1.0,0.0,0.3666666667,0.0333333333,-1.0,1.0,0.0,0.3666666667,0.0333333333,-1.0,1.0,-0.0,2,0,5,-0.8244788111,-0.8244788111,-0.822916163675
133,0.4897435897,0.0932995149,0.1028679782,2.2539795183,-0.4306696443,0.1096037296,0.0726047022,-0.4656424669,1.8856956056,-0.1210199914,0.4006526807,0.0386185676,0.4146199067,1.6662049259,0.0740125414,0.1972494172,0.072529676,-0.113372031,2.7349400027,-1.0975555788,2,0,8,-0.74150232148,-0.7776644619349999,-0.77737263441
134,0.6107142857,0.0701876332,0.1340798329,2.8608114693,-1.2034742895,0.1314285714,0.081793945,0.2374971967,1.9736555446,-0.3282451541,0.2578571429,0.0674931759,-0.682517719,2.1288504327,0.7297299782,0.2521428571,0.0679819237,0.7798237175,2.4049349063,0.8820849169,2,0,8,-0.8122506748699999,-0.8691706287100001,-0.8732590363
135,0.7416666667,0.0083333333,-1.0,1.0,-0.0,0.0666666667,0.0666666667,-1.0,1.0,0.0,0.1916666667,0.0583333333,-1.0,1.0,0.0,0.2583333333,0.0083333333,-1.0,1.0,0.0,2,0,8,-0.7613241469400001,-0.8090499997149999,-0.813450676855
136,0.6944444444,0.0392837101,-0.5,1.5,0.7071067812,0.0666666667,0.0544331054,0.0,1.5,0.0,0.2388888889,0.0283278862,-0.3378378378,1.5,-0.5280049792,0.2583333333,0.0824957911,-0.5,1.5,0.7071067812,2,0,8,-0.8806794144,-0.864472623825,-0.871656315705
137,0.619047619,0.0,0.0,0.0,0.0,0.0,0.0,0.0,0.0,0.0,0.380952381,0.0,0.0,0.0,0.0,0.2857142857,0.0,0.0,0.0,0.0,2,0,8,-0.8911638993000001,-0.91947696783,-0.917423236555
138,0.5201465201,0.0516340614,0.0277078086,2.7968717904,-1.0450053237,0.1421245421,0.0684952302,0.2811431024,2.5846248991,1.0304957873,0.3377289377,0.0368054408,0.4939271255,1.1732647095,0.4112793857,0.215018315,0.0310513838,-0.5697655927,2.0639903145,0.8352102149,2,0,8,-0.866426964225,-0.93133544289,-0.92850771205
139,0.7651072125,0.0243664717,-1.0,1.0,0.0,0.037037037,0.037037037,-1.0,1.0,0.0,0.1978557505,0.0126705653,-1.0,1.0,0.0,0.134502924,0.0233918129,-1.0,1.0,0.0,2,0,10,-0.855195157345,-0.8140326202500001,-0.8254830692049999
140,0.3601548452,0.1706035262,0.5302163868,2.118565244,0.0968203756,0.195391989,0.1375198846,-0.0089789611,2.8374104909,1.0485666952,0.4444531659,0.0764898761,0.3595640663,2.0900144857,0.1432173367,0.1426075115,0.0105763001,-0.4581653777,2.8983910664,-1.1314038113,2,0,10,-0.88133816345,-0.8564316239900001,-0.8638883313400001
141,0.5032046152,0.0597784992,0.0808395647,2.9487721686,-1.2438425969,0.1184633854,0.043620695,0.0804769933,3.0633800004,1.3673355073,0.3783319995,0.0175858742,0.07788517,2.5253832448,0.3728982629,0.1237088169,0.0254677614,-0.1049568576,1.4339815696,-0.0890787738,2,0,10,-0.92078951899,-0.87342149691,-0.8793336395900001
142,0.3963922321,0.141424322,0.6955693694,1.5704541287,0.0373101185,0.2833304262,0.1545283359,0.6491950504,1.2579361734,-0.1794263771,0.3202773417,0.0377648467,-0.3755994579,2.2864300069,0.8657241697,0.1339612768,0.02617216,-0.3747265646,1.3028077497,0.2196243085,2,0,10,-0.8334522588600001,-0.850145578215,-0.86315016243
143,0.6673248481,0.0724488613,0.1933258754,2.8167172425,-1.1592358966,0.119963307,0.0758699307,0.340144363,2.3221335595,-0.0796189378,0.212711845,0.0502981717,-0.6241863614,2.1401826003,0.7389383929,0.2262882697,0.0467765101,-0.1796104557,1.6617825802,0.4677202111,2,0,10,-0.8129955816600001,-0.8297226709800001,-0.8346737401000001
144,0.5777777778,0.0,0.0,0.0,0.0,0.0,0.0,0.0,0.0,0.0,0.4222222222,0.0,0.0,0.0,0.0,0.1555555556,0.0,0.0,0.0,0.0,2,0,10,-0.8750433917,-0.86758074857,-0.8807870840750001
145,0.5445678155,0.0390932967,0.5429534905,2.0265599435,0.0621390029,0.1954249952,0.0250816285,0.4635362231,1.9613201411,-0.0161302109,0.2600071892,0.0143535456,0.573308605,2.0025961662,-0.1243061836,0.041739507,0.0042184755,-0.5708961014,1.9508398655,0.5825435413,2,0,20,-0.793097003325,-0.775833915575,-0.8068977482699999
146,0.7033631575,0.0708101619,0.5385615097,1.7123714512,-0.1487899399,0.1113612318,0.036033674,0.4353499949,2.0049031066,0.3224296881,0.1852756107,0.0352623724,0.6039604514,1.4589233129,-0.0149388964,0.0359527951,0.0090461779,0.2176996506,2.6388159337,0.9442229545,2,0,20,-0.7998607019799999,-0.781964424695,-0.81241930626
147,0.5337308351,0.0886930383,0.6067104525,1.4420394901,-0.3029648367,0.1814251046,0.0584805969,0.6612804562,1.2971302236,0.1000924471,0.2848440603,0.0317358411,0.4262155455,1.9220529133,0.6976706377,0.0575223529,0.0106343875,0.5762979483,1.2552776396,0.289112003,2,0,20,-0.8200066678900001,-0.7612422375350001,-0.80054519541
148,0.5247404399,0.1023646471,0.6361467461,1.5226977336,0.0184511855,0.1370654651,0.0657621845,0.5633525972,1.3269203882,0.2009802852,0.3381940949,0.0386888483,0.5991191405,2.1182860526,-0.3593372451,0.0515549059,0.0046602981,-0.2669150629,1.6635919152,0.4328576344,2,0,20,-0.795672870695,-0.799925676585,-0.8306558630499999
149,0.7725462304,0.0482648048,-0.4407962739,2.1611044516,-0.6972426347,0.0395700964,0.0221577894,0.3324127159,2.1592362071,0.6346504994,0.1878836731,0.036375719,-0.5492292243,1.2870098796,0.1995572027,0.0818302513,0.0310181982,0.3933443334,1.8808463418,-0.2404442978,2,0,20,-0.792993349735,-0.79010905193,-0.826279139145
150,0.8513513514,0.027027027,-1.0,1.0,0.0,0.0067567568,0.0067567568,-1.0,1.0,0.0,0.1418918919,0.0202702703,-1.0,1.0,0.0,0.1148648649,0.0067567568,-1.0,1.0,0.0,2,0,20,-0.7973461536600001,-0.78248460645,-0.8101518087849999
151,0.7834615385,0.0965239033,0.6607729803,3.6825363279,-1.1051706725,0.0357692308,0.0477512043,0.4451711495,6.7050782849,2.2212551988,0.1807692308,0.0562222976,0.8415024105,1.697043114,0.0980025508,0.04,0.01,0.1875,1.5769230769,0.0576923077,2,0,50,-0.662533261315,-0.64307848303,-0.6930338418449999
152,0.723,0.0786829079,1.0006442303,2.2169364604,0.287408255,0.055,0.0428369,0.8499184339,1.7095308451,0.4369911468,0.222,0.040938979,0.9333424024,3.5560189906,-1.0357110927,0.0475,0.0084409715,-0.1681415929,2.5807940905,0.9352877017,2,0,50,-0.634338242275,-0.6374378509999999,-0.681076262125
153,0.595625,0.1360477283,0.8539041902,1.9370172721,0.3696039512,0.0984375,0.0720832581,0.8609254465,1.6934073125,0.3255014827,0.3059375,0.0988720567,0.7505299352,4.1346328664,0.9561765639,0.054375,0.0106617013,0.3401353238,3.3989797003,0.878711232,2,0,50,-0.680211176275,-0.64592173978,-0.692419031595
154,0.511,0.0765223279,0.8930636368,2.0540551932,0.519778153,0.0761666667,0.0449756107,0.8705575162,2.1848296323,0.2239332827,0.4128333333,0.042694327,0.5799765885,2.2674354316,-0.4814841308,0.0606666667,0.0098092926,0.4000230982,3.1101584626,-0.4514108932,2,0,50,-0.6726348359150001,-0.6671090202400001,-0.7102692134799999
155,0.6383333333,0.11447141,0.9068581556,2.5170549395,-0.613401464,0.0733333333,0.0597215762,0.8828669192,3.16941072,1.0201370941,0.2883333333,0.0575905085,0.8788198799,2.1813969344,0.2835339883,0.0398148148,0.0092777593,0.1655417407,3.5028082094,0.8193191723,2,0,50,-0.6765970327999999,-0.6703657384599999,-0.716489387745
156,0.4904255319,0.150091567,0.9090028407,2.2563700711,-0.404127238,0.0944680851,0.0774681406,0.8926929613,2.5046864274,0.7579120154,0.415106383,0.0780581436,0.8616513223,2.2083218224,-0.0210263989,0.0595744681,0.0166576858,0.4919030518,2.5932429579,0.0329234827,2,0,50,-0.6822025594750001,-0.67156445233,-0.7129776155850001
157,0.6116981132,0.1164407024,0.9359104228,2.2980737293,-0.0938588019,0.0761320755,0.0561806513,0.8452374582,3.8840561511,1.1318926639,0.3121698113,0.0710268979,0.9386875645,1.9643906554,-0.1968516071,0.0547169811,0.0114271728,0.2865174052,3.1902823604,0.316146191,2,0,100,-0.5527483634,-0.5576781076299999,-0.59818128292
158,0.921319797,0.0076142132,-1.0,1.0,-0.0,0.0025380711,0.0025380711,-1.0,1.0,0.0,0.076142132,0.0050761421,-1.0,1.0,0.0,0.0228426396,0.0025380711,-1.0,1.0,0.0,2,0,100,-0.552379650225,-0.560419349705,-0.60380933129
159,0.5514130435,0.0830574909,0.9159013918,1.7048994837,-0.0467419015,0.0939130435,0.0541326174,0.9108353228,1.7322416285,0.205823317,0.354673913,0.0359256807,0.5152613325,2.0519947465,0.1726307148,0.0522826087,0.01409234,0.5003498905,3.4942296164,0.2409604378,2,0,100,-0.5507069058,-0.547479809035,-0.58430932805
160,0.4007142857,0.0843220261,0.8700144908,1.7117645237,0.0062921067,0.0863392857,0.0505372129,0.8771194322,2.4562577872,0.2779912739,0.5129464286,0.0403530932,0.614162324,2.0031252026,-0.0458866942,0.0707142857,0.0165946574,0.1902442518,3.646095569,0.3143004532,2,0,100,-0.55732043035,-0.56984184237,-0.59612538968
161,0.5112727273,0.0575738118,0.7721584071,3.0488342507,-0.3238949521,0.0649090909,0.0411813165,0.7637379524,3.0952361045,0.7630005027,0.4238181818,0.031246289,0.1300092537,3.4980229724,-0.39433936,0.0699090909,0.0132284442,0.4591082243,2.6805904968,-0.3338111027,2,0,100,-0.5605591211950001,-0.55806582876,-0.59221692127
162,0.5117391304,0.0766973446,0.8122425196,2.7341183542,-0.0639899281,0.0847101449,0.0493573487,0.888713959,2.5051238134,0.2896543365,0.4035507246,0.0383169604,0.4698727368,3.3002625714,0.3105381959,0.0565217391,0.0119874435,0.3796013518,2.6139266349,-0.2219728263,2,0,100,-0.55475209231,-0.55479716699,-0.587717247235
163,0.6355,0.0893527653,0.8991675771,2.028445581,-0.0125647436,0.069,0.0478086464,0.7949348838,3.017699563,0.8129334368,0.2955,0.0483278733,0.8200110871,2.1115455571,-0.3376869419,0.057,0.0096263527,0.2691458027,3.416593344,-0.2679245989,2,0,200,-0.490716600495,-0.489118721335,-0.502799854135
164,0.4272983871,0.0618283237,0.7277360461,3.4097144829,-0.6564049692,0.101733871,0.0604187149,0.8603235509,2.5464246353,0.4313448901,0.4709677419,0.0384460106,0.308878763,2.9794259338,-0.0740402122,0.0663709677,0.013564938,0.1487534917,2.5440317918,0.438875932,2,0,200,-0.4921336175949999,-0.485642606275,-0.4994639530799999
165,0.753,0.0763282385,0.7963568484,2.3001410395,-0.650986294,0.055,0.0445346307,0.846585594,2.0875432526,0.5706068355,0.192,0.037184226,0.4955873402,3.278432101,0.9490912798,0.0493333333,0.0131487219,0.5215560078,1.9075310102,-0.4709487075,2,0,200,-0.49346492575,-0.4853425934499999,-0.503093113535
166,0.4581775701,0.0523530097,0.66012147,2.4848643702,-0.0694033309,0.0714485981,0.0367042318,0.866222499,2.211281266,0.0510971303,0.4703738318,0.0373959674,0.2479960868,3.0277378312,0.2302068566,0.0575233645,0.0161386202,0.2782014118,3.0234044908,0.2041349958,2,0,200,-0.48353600685,-0.47893779406,-0.495786019855
167,0.4548561151,0.0506644429,0.568619021,2.9140930538,-0.0266077541,0.0960071942,0.0482170596,0.872241743,2.4911678622,0.2861776618,0.4491366906,0.0328552967,0.0417403057,3.1642064179,0.1865583316,0.0627697842,0.0142330634,0.1821838502,2.4357509224,-0.0001462509,2,0,200,-0.480636907695,-0.4786497483699999,-0.49223641767
168,0.4551034483,0.063369385,0.7672874046,2.6088919632,-0.2801437417,0.0924482759,0.0564651777,0.9202599962,2.0999577134,0.2257565518,0.4524482759,0.0318786343,0.2208781183,3.0155313791,0.0405414715,0.0502068966,0.0142378304,0.1078969271,2.6157698714,-0.0471816637,2,0,200,-0.52356314659,-0.532963554215,-0.5495897454399999
169,0.6,0.0,0.0,0.0,0.0,0.0,0.0,0.0,0.0,0.0,0.4,0.0,0.0,0.0,0.0,0.4,0.0,0.0,0.0,0.0,3,1,5,-0.8525347875,-0.8525347875,-0.8524689879749999
170,0.2916666667,0.0416666667,-1.0,1.0,0.0,0.0416666667,0.0416666667,-1.0,1.0,0.0,0.6666666667,0.0,0.0,0.0,0.0,0.4722222222,0.0277777778,-1.0,1.0,0.0,3,1,5,-0.6538934504,-0.6538934504,-0.6538934504
171,0.6,0.0,0.0,0.0,0.0,0.0,0.0,0.0,0.0,0.0,0.4,0.0,0.0,0.0,0.0,0.4,0.0,0.0,0.0,0.0,3,1,5,-0.7238826176,-0.7238826176,-0.72386614296
172,0.6,0.0,0.0,0.0,0.0,0.0,0.0,0.0,0.0,0.0,0.4,0.0,0.0,0.0,0.0,0.4,0.0,0.0,0.0,0.0,3,1,5,-0.7666887674,-0.7666887674,-0.7666887674
173,0.3092592593,0.1719133032,-0.1638976857,1.5,-0.6932859751,0.0722222222,0.0549971941,-0.032,1.5,-0.2947996201,0.6185185185,0.1303156451,-0.2989781022,1.5,0.6119472856,0.4055555556,0.0549971941,-0.032,1.5,-0.2947996201,3,1,5,-0.6948144146,-0.6948144146,-0.6947815047400001
174,0.6,0.0,0.0,0.0,0.0,0.0,0.0,0.0,0.0,0.0,0.4,0.0,0.0,0.0,0.0,0.6,0.0,0.0,0.0,0.0,3,1,5,-0.8043697078,-0.8043697078,-0.804185676825
175,0.4980963481,0.1041808831,0.6520696418,2.0237290083,0.3329687341,0.0691219891,0.0376364162,0.1314499188,2.608098228,-0.9207019364,0.4327816628,0.0692032958,0.6928495069,1.6740940998,-0.0584546578,0.1851426351,0.0101854987,-0.1298599037,2.3707542486,-0.9500124893,3,1,8,-0.875163473265,-0.8945635387499999,-0.886565152515
176,0.4380952381,0.0380952381,-1.0,1.0,0.0,0.02,0.02,-1.0,1.0,0.0,0.5419047619,0.0180952381,-1.0,1.0,0.0,0.3066666667,0.0266666667,-1.0,1.0,0.0,3,1,8,-0.771331281995,-0.8162363907050001,-0.806099620905
177,0.675,0.075,-1.0,1.0,-0.0,0.0666666667,0.0666666667,-1.0,1.0,0.0,0.2583333333,0.0083333333,-1.0,1.0,0.0,0.2583333333,0.0083333333,-1.0,1.0,0.0,3,1,8,-0.8968338305950001,-0.914661536495,-0.914331922515
178,0.6095238095,0.0095238095,-1.0,1.0,-0.0,0.0476190476,0.0476190476,-1.0,1.0,0.0,0.3428571429,0.0571428571,-1.0,1.0,0.0,0.3095238095,0.0238095238,-1.0,1.0,-0.0,3,1,8,-0.8452458992449999,-0.92815507289,-0.92285024007
179,0.6290750916,0.119252105,0.3846343882,1.397933004,-0.293730839,0.0954212454,0.0875072716,-0.1857358137,2.1234949119,0.748153464,0.275503663,0.1097609417,-0.1571866682,2.2098614856,1.01651683,0.2703067766,0.0786994114,-0.1615457847,1.9821738042,-0.2197468487,3,1,8,-0.827969194385,-0.8781111539550001,-0.8738304567149999
180,0.7333333333,0.0,0.0,0.0,0.0,0.0,0.0,0.0,0.0,0.0,0.2666666667,0.0,0.0,0.0,0.0,0.3333333333,0.0,0.0,0.0,0.0,3,1,8,-0.86454906398,-0.91029050041,-0.912521987575
181,0.1968774083,0.1259136688,0.0984788504,2.1621890027,0.4667726878,0.1446482089,0.0678667336,0.2092386569,2.7386253792,1.1078636976,0.6584743828,0.0828538537,-0.0948237235,2.5750893617,-0.7241640828,0.1795761381,0.0351668682,0.2880695758,1.9347025575,0.4247890154,3,1,10,-0.8387265595500001,-0.854329690035,-0.855382256125
182,0.4332269318,0.1159014315,0.2191433172,2.7956178972,-1.2218227276,0.0874603175,0.0375640849,0.3473461489,2.3431214079,0.7371846085,0.4793127507,0.0812080775,0.1732494853,2.8302810341,1.1997155402,0.1578475493,0.0216280035,-0.0881849517,1.7238916198,-0.6473108776,3,1,10,-0.852565109195,-0.88145461791,-0.87833011038
183,0.3884048491,0.165774388,0.5368108739,1.4904534204,-0.0301322115,0.0817320774,0.0370891332,0.0917778457,2.989759155,1.2972095963,0.5298630734,0.1382517399,0.5545795238,1.2754560263,-0.2524834432,0.1509427874,0.0371903988,-0.0548255793,1.7840485084,0.5666453795,3,1,10,-0.825632170445,-0.852324768445,-0.84687568652
184,0.5633609854,0.1617297503,-0.1110584083,2.2410628947,-1.0137586467,0.0304298643,0.023785773,-0.1029680586,2.0167958214,0.3584450127,0.4062091503,0.1391661976,-0.1156894654,2.2763715695,1.073618417,0.1747360483,0.0381472833,0.4335589541,1.9570990469,0.6394982433,3,1,10,-0.92038627652,-0.933413849045,-0.94054070237
185,0.6214942952,0.0977828247,0.4954815888,1.9289003545,-0.4486718617,0.0445998446,0.0253610853,0.5649924869,2.3120395357,-0.7251639808,0.3339058602,0.0852860792,0.3675401309,2.3089417588,0.9039642041,0.19423111,0.0250562549,0.4961453044,1.8477202499,0.0641924138,3,1,10,-0.8647812118599999,-0.850728918425,-0.84843308325
186,0.604288499,0.0253411306,-1.0,1.0,-0.0,0.0185185185,0.0185185185,-1.0,1.0,0.0,0.3771929825,0.0438596491,-1.0,1.0,0.0,0.22417154,0.0389863548,-1.0,1.0,0.0,3,1,10,-0.935013155305,-0.94762777077,-0.948224689605
187,0.3990271903,0.1136003398,0.8951445709,1.5947930356,-0.0332634956,0.0977756373,0.0578003766,0.8197148632,1.4159360045,0.2330526538,0.5031971725,0.063966126,0.5776071814,2.5083036907,0.235094397,0.0521657278,0.0064968051,0.3700001926,2.2958628232,0.6215927136,3,1,20,-0.79340999298,-0.8058371683500001,-0.822729230935
188,0.4533021048,0.083948169,-0.0351683428,3.1186141078,1.3900402097,0.0988656712,0.0393895843,0.645099563,1.6124010687,0.0694582329,0.4478322241,0.0600742121,-0.6546784758,2.5233655919,-1.0123264746,0.0544641108,0.0209645035,0.1683985647,1.6238451785,0.0764367436,3,1,20,-0.807983515225,-0.8154037671850001,-0.83258181942
189,0.4339289908,0.0660255863,0.7435615199,1.5862847739,0.1404338169,0.0426903089,0.0077627525,-0.6346815757,1.9130713403,-0.3260323082,0.5233807003,0.0609198142,0.7532296994,1.418120544,-0.1110087107,0.0982085838,0.0038234918,-0.6644302742,2.3507064115,-0.1849694439,3,1,20,-0.8087863454149999,-0.838979440545,-0.84891498784
190,0.7994324689,0.0768991102,0.5297323808,1.5349908567,-0.119870857,0.0244697329,0.0150388019,0.6605974454,2.0575649173,-0.3705178566,0.1760977982,0.0639293793,0.4645774728,1.6533244506,0.031295494,0.1012238149,0.0409281004,-0.4242528609,2.8334420912,1.1944215746,3,1,20,-0.7726305466150001,-0.828077083625,-0.8484276919699999
191,0.4125840643,0.088941659,0.8218464735,1.6169559716,-0.1326506143,0.1141201943,0.0186626108,0.3724380928,1.7165538667,0.3222787531,0.4732957415,0.0738516229,0.8191143995,1.6013813326,0.1371211189,0.065532182,0.0158363103,0.607522858,2.1658530649,-0.7479814818,3,1,20,-0.797400742315,-0.840994410855,-0.8506709647699999
192,0.3553706464,0.0604395718,1.0551552348,2.7760649025,0.9392827333,0.116028975,0.0197359196,0.2925591041,1.802477021,0.3606136379,0.5286003786,0.0668532833,1.2271849289,3.2485093685,-1.2961120698,0.0488887969,0.0060787256,0.5682743121,2.0132368292,0.4418330464,3,1,20,-0.776184737275,-0.839328953745,-0.8548250065399999
193,0.96,0.0,0.0,0.0,0.0,0.0,0.0,0.0,0.0,0.0,0.04,0.0,0.0,0.0,0.0,0.06,0.0,0.0,0.0,0.0,3,1,50,-0.67760068727,-0.7240450294349999,-0.7502893137
194,0.7841666667,0.0440091531,0.9204963719,1.7176047992,0.3088061063,0.0116666667,0.0074535599,0.9154929577,1.635,-0.2795084972,0.2041666667,0.0365623516,0.9207251498,1.7355088548,-0.3156559967,0.06,0.0057735027,0.75,1.875,-0.6495190528,3,1,50,-0.64341725913,-0.69915370506,-0.724442992005
195,0.6430769231,0.0843878058,0.3202105955,2.8382396276,-0.3019809483,0.0303846154,0.0183409523,0.6889498735,2.7460462774,0.3313751009,0.3265384615,0.0695696833,0.2110487232,2.476496449,0.206191534,0.0742307692,0.0099703703,0.4398299079,2.6854272959,0.6199688168,3,1,50,-0.65307548377,-0.69607208534,-0.726977586355
196,0.4375,0.0581485167,0.709839272,2.123899399,-0.1570330416,0.0533333333,0.0277888867,0.7657577904,2.5541962114,0.3806211633,0.5091666667,0.0395723669,0.5367188543,2.9875387043,0.5303184716,0.1029166667,0.0151325165,0.5619016713,2.5161231916,-0.0142369573,3,1,50,-0.66861811508,-0.703196507175,-0.7256610164849999
197,0.9140816327,0.0059183673,-1.0,1.0,0.0,0.0051020408,0.0051020408,-1.0,1.0,0.0,0.0808163265,0.0008163265,-1.0,1.0,0.0,0.0555102041,0.0044897959,-1.0,1.0,0.0,3,1,50,-0.692384983215,-0.739091891155,-0.764461201115
198,0.4121875,0.1120263467,0.8955938244,1.6643462564,-0.2780334014,0.0778125,0.0529436242,0.8950326622,1.7901344532,0.2504740683,0.51,0.0680877192,0.7429637165,2.2954869592,0.3004956095,0.0725,0.0191213232,0.634840871,2.2546570239,0.0435813634,3,1,50,-0.6854504086900001,-0.7300603104750001,-0.759847410345
199,0.3653333333,0.0411285248,0.6346591968,2.1888162263,-0.1194209829,0.0535,0.0346205623,0.6832627039,6.8158695648,1.7214945719,0.5811666667,0.0321372923,0.4457971413,2.9091232393,0.4425146952,0.1051666667,0.0230030191,0.7075240671,2.4974213356,-0.0747964974,3,1,100,-0.62137674388,-0.6568982656,-0.681443493945
200,0.3337037037,0.0444116391,0.5289998611,2.3202946277,-0.0106082532,0.0784259259,0.0419084548,0.8356854978,1.8782088087,-0.1146147081,0.5878703704,0.0336457836,0.0766821475,2.743850059,-0.5930658989,0.0991666667,0.0238969625,0.0896399164,3.45916877,0.7005484892,3,1,100,-0.562042255275,-0.59654496236,-0.62389289933
201,0.4438461538,0.0347050122,0.2980135292,1.8412521878,0.3012873636,0.0367307692,0.020705922,0.6916549972,1.7326913881,0.0167277196,0.5194230769,0.0269374961,-0.1459605641,2.7023058078,0.0620474844,0.0934615385,0.0162770031,-0.0782545979,6.185705187,1.3925498289,3,1,100,-0.6236248212500001,-0.65829859534,-0.678896203455
202,0.5520454545,0.0877193237,0.9092355139,2.1929701786,-0.4936463298,0.0547727273,0.0413542697,0.8763659582,1.8680500338,0.4897642952,0.3931818182,0.0500805137,0.8657313256,2.7308408293,0.5629485415,0.0788636364,0.0201094628,0.4740436179,2.3644563517,0.476433044,3,1,100,-0.575485939675,-0.607009711755,-0.62395191875
203,0.3551754386,0.0525487653,0.6263459772,2.1694794415,-0.1246924293,0.0738596491,0.041092723,0.8966398583,2.3368604557,0.4820195485,0.5709649123,0.0348611103,0.185956455,2.4743630575,-0.382811544,0.0939473684,0.0262534349,0.3846575011,3.1466258059,0.5013795793,3,1,100,-0.6449431031299999,-0.681421289115,-0.6997806361100001
204,0.3912,0.1218792845,0.755213746,2.94779237,-0.8173754589,0.0738,0.0572237713,0.8661302455,2.5517282215,0.6452045026,0.535,0.0781152994,0.5465946699,2.9206013342,0.9519372756,0.0986,0.0310972668,0.7681809823,1.787695734,0.1190235499,3,1,100,-0.647093715515,-0.6782459402,-0.7051232361800001
205,0.3517241379,0.043732649,0.4617686419,2.7582581583,0.390976685,0.0653448276,0.04073529,0.9167860653,1.8975453998,0.1317911012,0.5829310345,0.0361752735,0.0303402408,2.6868785101,0.120413709,0.1145689655,0.0340800842,0.6544411434,5.3264639907,1.0200194073,3,1,200,-0.50138709249,-0.52214752956,-0.5307975314
206,0.3429545455,0.0385826275,0.2875673706,2.0702886044,-0.0245124748,0.0606818182,0.0334719055,0.8576271087,1.9540336937,0.1087265117,0.5963636364,0.0350383497,0.2876029514,3.5517464289,-0.4211400091,0.1153787879,0.0249895525,0.1910077575,3.0142760413,-0.2094400828,3,1,200,-0.51175702407,-0.531386545875,-0.53912218652
207,0.3165533981,0.0377525742,0.1540223952,2.9200287326,-0.0597259912,0.0730097087,0.0400990267,0.8223267221,2.7753501257,0.5181107804,0.6104368932,0.0392410202,0.2479798336,2.7775011462,-0.3019463514,0.1116504854,0.0198341222,0.2059573454,3.77848568,0.2870053831,3,1,200,-0.58051179572,-0.602899743225,-0.611170790655
208,0.3436538462,0.046227372,0.6659480855,2.3059842729,-0.1994120637,0.0698076923,0.0380151986,0.8587947413,2.7727261854,0.3857872312,0.5865384615,0.030929072,0.3094417781,2.6383287331,0.0485692113,0.0928205128,0.0264525427,0.2581192927,5.3529639887,1.0556926667,3,1,200,-0.502725133415,-0.522111244415,-0.52741298992
209,0.4547058824,0.0371590614,0.708897811,3.8746433646,0.9874842104,0.0397058824,0.0171901638,0.567395287,2.8193012357,-0.7665082132,0.5055882353,0.0266724331,0.1768424491,2.2165658971,-0.4629742458,0.085,0.0201465221,0.2784090909,3.3260869565,0.8578457664,3,1,200,-0.604533583105,-0.623792739055,-0.6340264130150001
210,0.3958695652,0.0555926992,0.6828505437,3.2288796917,-0.5892307832,0.0563043478,0.0383127119,0.8623124707,2.0829630083,0.4695439317,0.547826087,0.0309215728,0.3786627132,2.9290507398,0.562359748,0.087173913,0.026202642,0.579365952,2.6033058296,0.5021509091,3,1,200,-0.601901432145,-0.62362514596,-0.632989230945
211,0.5222222222,0.0777777778,-1.0,1.0,0.0,0.1111111111,0.1111111111,-1.0,1.0,0.0,0.3666666667,0.0333333333,-1.0,1.0,0.0,0.4222222222,0.0222222222,-1.0,1.0,0.0,3,0,5,-0.7923057619,-0.7923057619,-0.792225223955
212,0.6,0.0,0.0,0.0,0.0,0.0,0.0,0.0,0.0,0.0,0.4,0.0,0.0,0.0,0.0,0.4,0.0,0.0,0.0,0.0,3,0,5,-0.7606216575,-0.7606216575,-0.76044976716
213,0.1583333333,0.0916666667,-1.0,1.0,0.0,0.0333333333,0.0333333333,-1.0,1.0,0.0,0.8083333333,0.0583333333,-1.0,1.0,0.0,0.525,0.0583333333,-1.0,1.0,0.0,3,0,5,-0.7508778752,-0.7508778752,-0.7507956898600001
214,0.5222222222,0.0777777778,-1.0,1.0,0.0,0.0555555556,0.0555555556,-1.0,1.0,0.0,0.4222222222,0.0222222222,-1.0,1.0,0.0,0.3666666667,0.0333333333,-1.0,1.0,-0.0,3,0,5,-0.8574701572000001,-0.8574701572000001,-0.85745927705
215,0.5222222222,0.0777777778,-1.0,1.0,0.0,0.0555555556,0.0555555556,-1.0,1.0,0.0,0.4222222222,0.0222222222,-1.0,1.0,0.0,0.4222222222,0.0222222222,-1.0,1.0,0.0,3,0,5,-0.8984518402000001,-0.8984518402000001,-0.8983100074499999
216,0.4625,0.1351368191,0.2761606157,1.8527958594,-0.6276868016,0.2013888889,0.1232516621,0.245823389,2.1166137566,-0.7673464027,0.3361111111,0.1192504885,-0.2456524916,1.3284213353,0.2518442984,0.4819444444,0.0738465835,-0.3588859078,1.025347072,-0.0190406126,3,0,5,-0.7858899158,-0.7858899158,-0.785853812525
217,0.75,0.0,0.0,0.0,0.0,0.0,0.0,0.0,0.0,0.0,0.25,0.0,0.0,0.0,0.0,0.25,0.0,0.0,0.0,0.0,3,0,8,-0.913496305475,-0.90154650091,-0.89647336964
218,0.6666666667,0.0,0.0,0.0,0.0,0.0,0.0,0.0,0.0,0.0,0.3333333333,0.0,0.0,0.0,0.0,0.2,0.0,0.0,0.0,0.0,3,0,8,-0.8594940937000001,-0.8510738379999999,-0.846020564715
219,0.6748473748,0.0696782082,-0.1395644072,1.5,-0.6676821671,0.0415140415,0.0316990354,-0.0288683603,1.5,-0.2817455559,0.2836385836,0.0457179773,-0.3467190666,1.5,0.5056859248,0.2357753358,0.0283109085,-0.0047854501,1.5,-0.1223654071,3,0,8,-0.8652769420149999,-0.8553397392200001,-0.8532112845100001
220,0.4741724942,0.095971802,0.2513449813,1.4616479322,-0.3205559005,0.0584149184,0.0327830762,0.1972138425,2.8161509205,1.2260323507,0.4674125874,0.0687247168,0.1021409497,1.2716682368,0.0471200527,0.2452680653,0.0218982255,0.2283729889,1.6411856333,-0.2023169922,3,0,8,-0.8189785098650001,-0.876258739425,-0.8744826322
221,0.619047619,0.0476190476,-1.0,1.0,-0.0,0.0238095238,0.0238095238,-1.0,1.0,0.0,0.3571428571,0.0238095238,-1.0,1.0,0.0,0.2523809524,0.0142857143,-1.0,1.0,0.0,3,0,8,-0.829775234325,-0.864356225085,-0.85522119506
222,0.5929487179,0.1002851785,0.0941836433,2.2047689946,-1.0136489312,0.0792124542,0.0708317202,0.1679002964,2.0257418916,0.6457837034,0.3278388278,0.0368582634,-0.0974549969,1.8565523548,0.5005847653,0.2437728938,0.094211678,-0.213060341,2.1235925615,0.8766389378,3,0,8,-0.845387752665,-0.905287302675,-0.90304568106
223,0.4886054422,0.0674364227,0.3213908237,1.5967527579,-0.4674755266,0.0220096372,0.0145525183,-0.1686975785,2.005867177,-0.323138255,0.4893849206,0.0567885947,0.2572520295,1.5653915042,0.3201226797,0.1966128118,0.0182995259,-0.1466907972,1.7910314298,0.5738363269,3,0,10,-0.902498824755,-0.92319524035,-0.922593486515
224,0.6888239116,0.0444770161,-0.3968781476,1.5,-0.3610509331,0.0422352177,0.0311213256,-0.0963492661,1.5,-0.463809136,0.2689408707,0.0413329935,-0.820140607,1.5,-0.7028509664,0.2442495127,0.0397096645,-0.7009461801,1.5,0.6613781305,3,0,10,-0.906980729885,-0.926830977515,-0.92732622621
225,0.5921251092,0.0448351557,-0.1209227705,1.5,-0.6385481726,0.032428356,0.0243905907,-0.0496508922,1.5,-0.3559007966,0.3754465349,0.027242299,-0.3941357683,1.5,0.3696818111,0.2157259665,0.0108048276,-0.7001925467,1.5,0.610403889,3,0,10,-0.883823541015,-0.8696668864099999,-0.8667889703349999
226,0.7,0.0,0.0,0.0,0.0,0.0,0.0,0.0,0.0,0.0,0.3,0.0,0.0,0.0,0.0,0.3,0.0,0.0,0.0,0.0,3,0,10,-0.866077819705,-0.891961073915,-0.885191537295
227,0.8,0.0,0.0,0.0,0.0,0.0,0.0,0.0,0.0,0.0,0.2,0.0,0.0,0.0,0.0,0.2,0.0,0.0,0.0,0.0,3,0,10,-0.911159313675,-0.930768733185,-0.93918768426
228,0.7058823529,0.0588235294,-1.0,1.0,0.0,0.0147058824,0.0147058824,-1.0,1.0,0.0,0.2794117647,0.0441176471,-1.0,1.0,0.0,0.2058823529,0.0294117647,-1.0,1.0,0.0,3,0,10,-0.88999759936,-0.8954447425650001,-0.8972698139249999
229,0.5407846177,0.0487344447,0.3844151537,2.2300470251,-0.8764386106,0.068782214,0.0411895834,0.4484138442,1.5056983651,0.5159214565,0.3904331684,0.0138543704,-0.5002493353,2.0201395416,0.5763027903,0.0874288738,0.0214189695,0.4196651969,1.3606486597,-0.3215434827,3,0,20,-0.76013563249,-0.819169173555,-0.8320209436800001
230,0.8433696855,0.0230226011,-0.2,1.5,-0.7071067812,0.0193614667,0.0166004343,-0.0073113762,1.5,0.1629246788,0.1372688478,0.010772547,-0.617593361,1.5,-0.4057322275,0.0764975502,0.0158699483,-0.2,1.5,-0.7071067812,3,0,20,-0.77054883333,-0.81940197914,-0.8401543540049999
231,0.6310865176,0.0374819036,0.6030783425,1.6289938617,-0.0428825654,0.045411695,0.0137185867,0.0780487701,1.3039913156,-0.0664056261,0.3235017874,0.0263844663,0.5963457757,1.5491273602,0.3098599888,0.0792836344,0.006340901,-0.4903709593,2.1227724503,-0.3108852427,3,0,20,-0.790267396405,-0.8310975730399999,-0.8456527655249999
232,0.369013303,0.1475256434,0.8878387146,1.6743569646,0.0519715781,0.1232022232,0.0464610249,0.5224485425,3.6635196321,1.0003734461,0.5077844737,0.1077206031,0.9567005762,1.3941091509,-0.2302960812,0.0562945545,0.0069390433,-0.5877842788,2.9910035686,-0.8655819575,3,0,20,-0.8141624538400001,-0.8498301292200001,-0.8684313162449999
233,0.4098233243,0.0471282333,-0.0094188596,3.124329502,1.3920207426,0.1210952825,0.0376830389,0.2763324968,1.3550457781,-0.0850480032,0.4690813932,0.0388324678,-0.8819087272,1.6682486088,0.2869093994,0.0509746203,0.0052468436,-0.4481028272,1.2507677674,-0.2855554744,3,0,20,-0.78956916737,-0.834705276475,-0.85355028734
234,0.4727052452,0.1629534543,0.8949824766,1.5585183422,0.0723653,0.0811902999,0.0503978584,0.7412462983,1.7377874932,0.0739191431,0.4461044549,0.1138301409,0.924024904,1.5609086781,-0.1113217263,0.072019981,0.0148784276,0.0468065783,3.9238153126,-1.3274128514,3,0,20,-0.77946681571,-0.83698783738,-0.849488831585
235,0.6985,0.0814877291,0.8162596232,1.7724114427,-0.5063362785,0.0365,0.0230271579,0.9382910396,1.8283248208,0.0285008773,0.265,0.059749477,0.7620504973,1.7717086835,0.599140296,0.062,0.0155241747,0.3485051316,1.8905838398,0.1258911913,3,0,50,-0.666655386715,-0.71627400035,-0.7420789615200001
236,0.4919047619,0.090612679,0.8683730186,4.1177144428,1.0648877829,0.0471428571,0.0288910692,0.7865,2.2420283834,0.5227580428,0.460952381,0.0693613562,0.8014323575,5.2046407068,-1.4321401294,0.0873809524,0.0123074743,0.00363957,5.1094371885,-1.3028148181,3,0,50,-0.654268293765,-0.701214160715,-0.729925941635
237,0.6788888889,0.0828579031,0.695909548,2.3116500954,-0.6924285092,0.0461111111,0.0374000726,0.7206997257,2.0003904762,0.5660797288,0.275,0.0457651007,0.663507109,2.5975944389,0.807664883,0.0705555556,0.0103934927,0.6072727273,2.2382204082,0.2229722361,3,0,50,-0.6689110068199999,-0.719796031015,-0.753682059685
238,0.4804347826,0.0787802812,0.8201216859,2.2917477161,-0.0990340715,0.0439130435,0.0416495869,0.8551467824,2.3995737672,0.995503577,0.4756521739,0.0518002927,0.641540122,2.5203174443,-0.2917321058,0.0876086957,0.0199929099,0.7695723569,3.2298980717,0.0837451311,3,0,50,-0.67933303619,-0.728275202915,-0.752550592535
239,0.468125,0.113755151,1.0145759089,2.1837291368,0.6976699268,0.0709375,0.0438826115,0.9743612084,1.5723753901,-0.1714370596,0.4609375,0.0759773558,0.8621061591,2.5418430711,-0.7265435989,0.07125,0.0180710404,0.0863232682,2.4074769351,0.5282183179,3,0,50,-0.6611575680549999,-0.6924688342149999,-0.7148835092
240,0.5280434783,0.0805651118,0.9332492505,2.1605406972,0.4695598542,0.05,0.037124936,0.9092465753,1.3878185672,0.2428070339,0.4219565217,0.051851358,0.7651700455,3.0045121495,-0.7409571634,0.0869565217,0.0196567905,0.4202260028,2.250069891,0.0245588966,3,0,50,-0.69465876461,-0.74425826956,-0.771145845295
241,0.3632407407,0.05448545,0.7080832352,1.910683473,-0.3048861392,0.0764814815,0.0509504991,0.872489835,2.246889921,0.4254635918,0.5602777778,0.0286811441,-0.0544450773,3.0005374596,0.5422563717,0.1035185185,0.0277827156,0.5218018063,3.168230523,0.3811892736,3,0,100,-0.63302201099,-0.66390477136,-0.68509748032
242,0.37828125,0.0574539133,0.6922071598,2.3933469264,-0.6514468818,0.06875,0.0550851613,0.9209729529,2.1223109199,0.6746295059,0.55296875,0.0324244163,0.184965317,3.4030865933,-0.3083318999,0.0921875,0.0214671806,0.2191108523,2.18470745,0.5563905024,3,0,100,-0.595011946115,-0.6210142785749999,-0.645038617095
243,0.4266666667,0.0603734171,0.5232145573,2.6166649058,-0.1611412839,0.0686363636,0.0402129319,0.9065734099,1.9153921348,0.0079287931,0.5046969697,0.0371511938,0.1792817815,5.2985715905,1.0960526096,0.0959090909,0.0152977789,-0.1275229111,4.739306714,-1.0355187263,3,0,100,-0.5615059439950001,-0.5891749910649999,-0.61170771282
244,0.5528125,0.1578069306,0.9147450465,1.5043357666,0.1654453509,0.0578125,0.0460288208,0.9439556401,1.5560881166,0.3161246957,0.389375,0.1171654146,0.84399034,1.6560500501,-0.2050314984,0.0653125,0.015357078,0.6539186284,1.9118763422,-0.2659768569,3,0,100,-0.5585932635849999,-0.58971509602,-0.6088793138249999
245,0.4264516129,0.0502925882,0.7365203529,2.3478135938,-0.126649104,0.0617741935,0.0343499164,0.7945800482,2.1772558625,0.2525132969,0.5117741935,0.0288082758,-0.076806187,2.9129598419,0.3855639935,0.0856451613,0.0200298944,0.3740257332,2.1049374498,0.2094219136,3,0,100,-0.57980462498,-0.608800751285,-0.62846752209
246,0.478,0.0965539573,0.8459515066,2.0050997622,-0.3177904391,0.0643333333,0.0393220323,0.9110448945,1.7391140668,-0.0102618383,0.4576666667,0.0621789532,0.6352011443,2.8224278891,0.7357306756,0.0776666667,0.0148174072,0.4979037057,2.9915852579,0.0587903199,3,0,100,-0.5697551597649999,-0.60168974737,-0.6221742636250001
247,0.764,0.0566038868,0.6907706946,1.4636093928,0.2894151515,0.016,0.0115758369,0.4202898551,2.1988193362,0.3365218792,0.22,0.0460434577,0.6941176471,1.3391108936,-0.373416704,0.071,0.0115758369,-0.2783171521,2.1988193362,0.3365218792,3,0,200,-0.504919672565,-0.523934196675,-0.531080500745
248,0.3439285714,0.0357535498,0.2727041278,2.069724664,-0.0908729544,0.0475,0.0337533067,0.8840255916,1.8790689704,0.292029904,0.6085714286,0.0339342101,0.0720827368,2.9667410934,0.4705908216,0.1255357143,0.0217468916,0.3841394415,3.2141566747,0.4534786899,3,0,200,-0.50253039077,-0.523201653985,-0.5316862891899999
249,0.5302777778,0.0760020508,0.7989899962,2.217348552,0.1243930783,0.0547222222,0.032976095,0.8591766923,2.2685194889,0.344616699,0.415,0.0472581563,0.5636094675,2.1376420138,-0.2696367849,0.0691666667,0.0148370782,1.1029466617,5.7659743853,1.7824160632,3,0,200,-0.507861336915,-0.526979684315,-0.5371820549449999
250,0.4232142857,0.0650441373,0.7496653498,2.3996124849,-0.5031656789,0.0517857143,0.038247649,0.9276458063,1.9807554794,0.4920739541,0.525,0.0357071421,0.3199436223,2.5308947108,0.3877246115,0.0919642857,0.0254017465,0.7927643227,5.0295950894,1.4080432803,3,0,200,-0.51894070718,-0.537686795785,-0.5410109280600001
251,0.3466964286,0.0316830958,0.4708126849,2.6687194924,-0.2255644405,0.0542857143,0.0298422724,0.75994868,3.8992964763,0.8341108252,0.5990178571,0.0295867315,0.2048122348,4.2023724805,0.3717083496,0.0998214286,0.0295043018,0.4746688841,3.6218457918,0.8059027445,3,0,200,-0.5161404049,-0.5346176103,-0.53680764037
252,0.3823214286,0.0417685404,0.2211286789,2.5547802323,-0.6303676834,0.0720535714,0.0393788466,0.8769366562,2.1574786966,0.267325765,0.545625,0.0347319133,0.0970814961,2.2419840278,-0.0801495317,0.123125,0.0185540355,0.2681941029,3.5415171907,-0.0470143045,3,0,200,-0.50550452889,-0.523664151275,-0.5276793091850001
