Instance,INF_avg,INF_sd,INF_r1,INF_kr,INF_sk,SUP_avg,SUP_sd,SUP_r1,SUP_kr,SUP_sk,INC_avg,INC_sd,INC_r1,INC_kr,INC_sk,IND_avg,IND_sd,IND_r1,IND_kr,IND_sk,class,type,vertices,IBEA_IGD,SPEA2_IGD,MOEAD_IGD
1,0.4314814815,0.1431806058,-0.0050761421,1.5,-0.1350615228,0.0925925926,0.0692899516,-0.0588235294,1.5,-0.3818017742,0.4759259259,0.0780858098,-0.0791130578,1.5,0.5392164548,0.3555555556,0.0314269681,-0.5,1.5,0.7071067812,1,1,5,0.0,0.0,0.000663
2,0.3593253968,0.1760540146,0.5275206312,1.4953519898,0.1423714238,0.2033730159,0.1598023067,0.2738694688,1.4946653732,0.0652389001,0.4373015873,0.0869509553,-0.5183284938,1.934999192,0.4706412446,0.4432539683,0.0364280527,-0.2377330829,1.9756365085,0.5101400385,1,1,5,0.0008699999999999,0.0008699999999999,0.001333
3,0.3666666667,0.0333333333,-1.0,1.0,-0.0,0.1111111111,0.1111111111,-1.0,1.0,0.0,0.5222222222,0.0777777778,-1.0,1.0,0.0,0.5777777778,0.0222222222,-1.0,1.0,0.0,1,1,5,0.0072999999999999,0.0072999999999999,0.007845
4,0.2748015873,0.1361803644,0.2978257571,1.8543730025,-0.331051683,0.1577380952,0.0957482616,0.3929376409,2.0874242106,-0.8424077253,0.5674603175,0.0877513666,-0.1484334874,2.1341538384,0.9432718697,0.3422619048,0.0471517248,-0.543718593,2.0678560658,0.547705741,1,1,5,0.0,0.0,0.0025075
5,0.244047619,0.1726190476,-1.0,1.0,-0.0,0.0714285714,0.0714285714,-1.0,1.0,0.0,0.6845238095,0.1011904762,-1.0,1.0,-0.0,0.4285714286,0.0714285714,-1.0,1.0,-0.0,1,1,5,0.0,0.0,0.0
6,0.6,0.0,0.0,0.0,0.0,0.0,0.0,0.0,0.0,0.0,0.4,0.0,0.0,0.0,0.0,0.4,0.0,0.0,0.0,0.0,1,1,5,0.0078894999999999,0.0074799999999999,0.0076619999999999
7,0.4378741259,0.0970318861,0.0640543575,1.2718725721,0.1207699989,0.0455757576,0.0245148331,0.7323577854,2.5558130625,-1.0679294111,0.5165501166,0.0794835564,-0.1245148919,1.5352144145,-0.1797825613,0.2834778555,0.039645942,0.1542395367,1.3409036042,-0.2011771962,1,1,8,0.0137235,0.0299435,0.0300709999999999
8,0.4349381571,0.1635010191,0.8130126672,1.399797987,0.1435556536,0.1320470006,0.0798475153,0.8378171909,1.8107484007,-0.1855507544,0.4330148423,0.0911618499,0.648105524,2.0445723555,-0.5123884676,0.2938682746,0.0350454811,-0.7700879214,4.2151256334,1.6219103289,1,1,8,0.0522455,0.0312579999999999,0.028308
9,0.75,0.0,0.0,0.0,0.0,0.0,0.0,0.0,0.0,0.0,0.25,0.0,0.0,0.0,0.0,0.375,0.0,0.0,0.0,0.0,1,1,8,0.0401615,0.0240804999999999,0.0241185
10,0.4453805294,0.092587921,0.3311201274,1.766389504,-0.4339056888,0.0436868687,0.0410514731,-0.0644637696,2.1437213743,0.7936692101,0.5109326019,0.055495429,0.4461790592,1.2691188228,0.1286293623,0.2196882619,0.0228978901,-0.1946979885,2.103316699,-0.8651874122,1,1,8,0.0716785,0.032777,0.0269809999999999
11,0.75,0.0,0.0,0.0,0.0,0.0,0.0,0.0,0.0,0.0,0.25,0.0,0.0,0.0,0.0,0.375,0.0,0.0,0.0,0.0,1,1,8,0.0260994999999999,0.0406775,0.03625
12,0.625,0.0,0.0,0.0,0.0,0.0,0.0,0.0,0.0,0.0,0.375,0.0,0.0,0.0,0.0,0.375,0.0,0.0,0.0,0.0,1,1,8,0.0653645,0.0251319999999999,0.020041
13,0.6802889577,0.0438644446,0.1638877432,1.7430604844,-0.177150266,0.0777003784,0.0561085209,0.5228740896,1.5445646499,-0.1612154283,0.2420106639,0.0346075198,-0.7491955839,2.1691681293,0.9393726855,0.2273047816,0.0452107822,-0.3029844814,2.0754272721,0.6707731675,1,1,10,0.0553729999999999,0.0488355,0.0416295
14,0.6048789174,0.0713728968,0.3561810936,1.9019315785,-0.2380440127,0.04002849,0.0264714951,-0.1041599245,1.6068542762,-0.0905589559,0.3550925926,0.0507256162,0.5062641483,2.0846271779,0.4956924935,0.1551638177,0.0264941229,0.4517467632,1.9146241212,0.4873938474,1,1,10,0.0332435,0.0551884999999999,0.0496765
15,0.6296296296,0.037037037,-1.0,1.0,0.0,0.037037037,0.037037037,-1.0,1.0,0.0,0.3333333333,0.0740740741,-1.0,1.0,0.0,0.2222222222,0.0,0.0,0.0,0.0,1,1,10,0.063203,0.0423075,0.033353
16,0.6,0.0,0.0,0.0,0.0,0.0,0.0,0.0,0.0,0.0,0.4,0.0,0.0,0.0,0.0,0.3,0.0,0.0,0.0,0.0,1,1,10,0.0427925,0.050071,0.0412575
17,0.5844931774,0.1109099972,0.6487806302,2.9599269587,1.3058222219,0.0980426557,0.0643363334,0.8082865522,1.6553271918,-0.3088014453,0.317464167,0.0621080946,-0.5325096991,2.7549274465,-1.1183864193,0.1723850476,0.0252314955,-0.6654084788,1.2242055555,0.3753725009,1,1,10,0.0482024999999999,0.041137,0.0322775
18,0.5543391431,0.132245073,0.6630876649,1.4624747909,0.0602103789,0.0975490196,0.0764925811,0.477741575,1.8732479709,0.3387405717,0.3481118373,0.058950402,0.8146962288,1.4091379933,-0.2737075863,0.1828703704,0.0288629529,-0.2004457786,1.4548068454,-0.0983609722,1,1,10,0.0465094999999999,0.0569799999999999,0.0521655
19,0.8,0.0,0.0,0.0,0.0,0.0,0.0,0.0,0.0,0.0,0.2,0.0,0.0,0.0,0.0,0.12,0.0,0.0,0.0,0.0,1,1,20,0.0457685,0.046836,0.0328915
20,0.82,0.06,-1.0,1.0,-0.0,0.01,0.01,-1.0,1.0,0.0,0.17,0.05,-1.0,1.0,0.0,0.09,0.01,-1.0,1.0,0.0,1,1,20,0.0609195,0.0542075,0.0399075
21,0.5800394477,0.1338904249,0.9024583577,2.0796542629,0.8511199839,0.1092307692,0.066385997,0.7856509262,3.0354705622,0.3373867028,0.310729783,0.0907348939,0.4857940863,1.7571989024,-0.2145417527,0.130729783,0.0288791345,-0.5644392088,1.840222188,0.5284132191,1,1,20,0.053605,0.04952,0.0376375
22,0.7282051282,0.0507666407,-0.5,1.5,0.7071067812,0.0256410256,0.0209358098,0.0,1.5,-0.0,0.2461538462,0.0342733977,-0.9245283019,1.5,-0.422080443,0.1863247863,0.0230610899,-0.2510373444,1.5,-0.6809718997,1,1,20,0.0614185,0.0486535,0.0381055
23,0.5514285714,0.1140712273,0.5895334174,2.8291971619,0.7132268877,0.0971428571,0.0976457571,0.6160968661,2.1869692954,0.815730701,0.3514285714,0.0674914961,-0.317877095,2.5681388985,-0.6541189337,0.1828571429,0.0458925097,-0.2347083926,2.225076618,-0.3170777781,1,1,20,0.063417,0.055839,0.040537
24,0.504,0.0838093074,0.4539587987,1.8487191328,-0.0998035297,0.072,0.0491528229,0.523608769,2.9843866497,0.6273177258,0.424,0.0488262225,0.1134989926,2.5695689383,0.1797911664,0.162,0.0362767143,0.6073745306,2.0045731285,-0.2493498345,1,1,20,0.068004,0.055907,0.0394445
25,0.4083333333,0.0767933736,0.6406550559,1.7521195865,0.0603356803,0.08,0.0642910051,0.6759259259,2.7284079084,0.8579939023,0.5116666667,0.0512889418,0.2882822263,2.6897734077,0.9413782626,0.1733333333,0.0410960934,-0.1393728223,2.9210526316,0.2219872079,1,1,50,0.0515355,0.0554309999999999,0.0427585
26,0.72,0.0,0.0,0.0,0.0,0.01,0.01,-1.0,1.0,0.0,0.27,0.01,-1.0,1.0,0.0,0.17,0.07,-1.0,1.0,0.0,1,1,50,0.0498334999999999,0.052097,0.04009
27,0.4166666667,0.0907377173,0.5663798145,2.0160686675,0.0477913966,0.1033333333,0.0534373985,0.4040927694,2.6734242759,0.1883484438,0.48,0.0639444203,0.2076502732,3.4154064272,0.611944476,0.1455555556,0.0219145366,-0.1854236792,2.2008379538,-0.3122931165,1,1,50,0.0542244999999999,0.0618279999999999,0.0448845
28,0.3841666667,0.0862127536,0.7775798594,1.8667571874,0.1384019455,0.1083333333,0.0632235891,0.6072712877,2.1376887567,0.3277322274,0.5075,0.0461203137,0.5657620042,3.4856389954,-0.9304752412,0.1608333333,0.0433893868,0.2616545194,2.5562151601,0.3137133145,1,1,50,0.045764,0.04826,0.0343935
29,0.3533333333,0.0639444203,-0.1574362166,3.784026465,-0.1858498038,0.0755555556,0.0413954134,0.2591355599,2.0103231486,-0.1904424854,0.5711111111,0.0467723671,-0.3941063421,2.2335553302,-0.1614101758,0.2077777778,0.0406277896,-0.1067990525,3.6760455121,-0.7735323452,1,1,50,0.0433395,0.0528094999999999,0.039564
30,0.41,0.1110341003,0.5351426583,2.0890249191,0.546009956,0.0628571429,0.0439851552,0.5776287932,4.1394541473,0.9866883075,0.5271428571,0.083017087,0.1099800735,2.1356953258,-0.7032058831,0.16,0.0362530787,0.3111111111,3.0037807183,0.1439158133,1,1,50,0.0508094999999999,0.0519045,0.037777
31,0.3671428571,0.0893171373,0.3027903863,2.4240334978,0.1934381893,0.099047619,0.0599924409,0.4809291581,2.4612774169,0.3528590348,0.5338095238,0.0717785079,-0.077344786,2.1654807442,-0.2448693398,0.1804761905,0.0439671079,0.0686213683,3.0398306585,-0.4605390167,1,1,100,0.0367414999999999,0.0373735,0.0287364999999999
32,0.4339130435,0.0573121984,-0.5507715106,3.5295435121,0.0186511894,0.0826086957,0.0554207143,-0.0120970131,2.7734644037,0.6494653692,0.4834782609,0.0474212111,0.2407311631,2.2880406247,-0.2661030574,0.1852173913,0.0307683583,-0.1672775607,2.6021547632,-0.1553488973,1,1,100,0.0414785,0.0421315,0.0329825
33,0.4014285714,0.1263700429,0.7316027111,1.8689737856,-0.2884749114,0.1314285714,0.0773542078,0.75337589,2.1253608393,0.0819340796,0.4671428571,0.0699416667,0.2130614212,3.3023439291,1.0136413092,0.1742857143,0.0357998974,-0.4427801078,4.522252424,-0.7625033928,1,1,100,0.04111,0.0451695,0.035891
34,0.93,0.03,-1.0,1.0,0.0,0.02,0.02,-1.0,1.0,0.0,0.05,0.01,-1.0,1.0,0.0,0.05,0.01,-1.0,1.0,-0.0,1,1,100,0.047386,0.0479794999999999,0.0375945
35,0.3704545455,0.0777511925,0.2044022192,4.8006417278,-0.4178073059,0.0786363636,0.0422971581,0.3418806097,2.9062264178,0.5508664923,0.5509090909,0.0739108241,0.1593476056,3.6774942839,0.461818781,0.1904545455,0.0507200223,-0.1504003075,2.1304547897,0.316256795,1,1,100,0.0395375,0.042892,0.032139
36,0.3511111111,0.0730972631,0.5443611546,2.4524260201,-0.3389053564,0.1033333333,0.0558768487,0.3922382231,2.5626955079,0.2105970058,0.5455555556,0.0548960859,0.1392538098,4.319535969,0.9983315996,0.2111111111,0.041751765,-0.0826192401,3.479531976,0.7460494815,1,1,100,0.0346655,0.043118,0.0345965
37,0.3212765957,0.0678426534,0.2688687819,1.9456798406,0.1283343924,0.085106383,0.0529098929,0.5795039469,2.3749108411,0.5714402186,0.5936170213,0.0721825562,0.1346735139,2.181224215,0.0609575473,0.1931914894,0.0535189918,0.1078593817,2.6077066398,0.3792675635,1,1,200,0.0358815,0.0391355,0.0362904999999999
38,0.3656603774,0.0678930745,0.1941293016,2.7712035738,-0.2637180421,0.0856603774,0.0521792785,0.3816314924,3.7688424463,0.8303236458,0.5486792453,0.0746826679,0.1022550301,3.3716910936,-0.470159687,0.2086792453,0.0529163718,0.1344400385,2.4500308602,-0.0818582099,1,1,200,0.0204275,0.028503,0.0253224999999999
39,0.3608,0.0747218843,0.085096029,4.6017292807,0.6566633805,0.1032,0.0490485474,0.511555143,2.2547469473,0.1646787728,0.536,0.0792969104,0.219440732,3.2610182002,-0.0154025427,0.1932,0.0530071693,0.3174110037,2.5404182567,0.3687020662,1,1,200,0.0227415,0.0299765,0.026005
40,0.2936585366,0.0734433944,-0.0906194152,3.0377630217,0.217811958,0.1434146341,0.0542626744,0.1481427804,3.7526596262,0.2811462731,0.5629268293,0.0758124741,0.1272688307,3.1295722757,-0.3469408668,0.1770731707,0.0496938875,-0.2474777245,2.4537546645,0.4917158777,1,1,200,0.0201165,0.0267365,0.026228
41,0.3378571429,0.0840644796,0.2806863729,3.4284377372,0.3838115897,0.1096428571,0.0543784452,0.0671620159,2.7078309443,0.4512567371,0.5525,0.0735393481,-0.1208749764,5.5761458974,0.2822342727,0.1796428571,0.049351664,-0.0382255324,2.2177616568,0.0704386643,1,1,200,0.024046,0.0303319999999999,0.027704
42,0.3775,0.0989633771,0.6692149172,2.0391201101,0.0407220705,0.11875,0.0671324872,0.6817876266,2.1369271442,0.1864227622,0.50375,0.0646343884,0.2112760784,2.3413570701,0.0053671411,0.1904166667,0.0439677123,0.1218478023,2.0292734492,0.125006687,1,1,200,0.0213655,0.0290655,0.0256695
43,0.6,0.0,0.0,0.0,0.0,0.0,0.0,0.0,0.0,0.0,0.4,0.0,0.0,0.0,0.0,0.6,0.0,0.0,0.0,0.0,1,0,5,0.00106,0.00106,0.012819
44,0.4055555556,0.0454741821,-0.1835205993,1.8580975718,-0.6892544771,0.125,0.0821677748,0.3898305085,1.8457142857,-0.4346507596,0.4694444444,0.0963452511,-0.2001536688,1.8424574474,-0.0792326914,0.4763888889,0.0722622752,-0.1819745442,2.2762724778,1.0670249695,1,0,5,0.0,0.0,0.000223
45,0.5,0.0555555556,-1.0,1.0,0.0,0.0555555556,0.0555555556,-1.0,1.0,0.0,0.4444444444,0.0,0.0,0.0,0.0,0.5,0.0555555556,-1.0,1.0,0.0,1,0,5,0.0060625,0.00224,0.008825
46,0.6,0.0,0.0,0.0,0.0,0.0,0.0,0.0,0.0,0.0,0.4,0.0,0.0,0.0,0.0,0.4,0.0,0.0,0.0,0.0,1,0,5,0.0,0.0,0.004654
47,0.6,0.0,0.0,0.0,0.0,0.0,0.0,0.0,0.0,0.0,0.4,0.0,0.0,0.0,0.0,0.6,0.0,0.0,0.0,0.0,1,0,5,0.00433,0.00433,0.00433
48,0.4277777778,0.1092906421,0.5638841567,1.8205436372,0.6564925534,0.1527777778,0.1048588116,0.5700934579,1.5023084026,-0.3903884842,0.4194444444,0.0159571185,-0.8554216867,2.0578512397,0.5064077264,0.3986111111,0.0408956441,-0.6140755697,2.0268235933,-0.6432760785,1,0,5,0.00454,0.00454,0.008785
49,0.6285714286,0.1047619048,-1.0,1.0,0.0,0.0238095238,0.0238095238,-1.0,1.0,0.0,0.3476190476,0.080952381,-1.0,1.0,0.0,0.2714285714,0.1285714286,-1.0,1.0,-0.0,1,0,8,0.0127115,0.0281495,0.0215815
50,0.675,0.075,-1.0,1.0,-0.0,0.0333333333,0.0333333333,-1.0,1.0,0.0,0.2916666667,0.0416666667,-1.0,1.0,0.0,0.2916666667,0.0416666667,-1.0,1.0,0.0,1,0,8,0.0153774999999999,0.028845,0.026799
51,0.4888888889,0.0955813919,-0.0081967213,1.5,-0.1728005441,0.0555555556,0.0566557724,-0.0754716981,1.5,0.5280049792,0.4555555556,0.041573971,-0.0588235294,1.5,-0.3818017742,0.2333333333,0.0272165527,-0.5,1.5,0.0,1,0,8,0.0242795,0.035492,0.034154
52,0.3545454545,0.1435001272,0.4139187466,1.6321186564,-0.1969043702,0.1015151515,0.1052021536,0.1991889152,2.0146585663,0.7849469987,0.5439393939,0.0505933571,0.470683163,1.7768794868,-0.4907115117,0.2871212121,0.0666106859,-0.4087155215,2.0705717026,-0.5583497575,1,0,8,0.0270385,0.033984,0.0387545
53,0.5,0.0314037147,0.0,1.5,0.0,0.0641025641,0.065372045,-0.0754716981,1.5,0.5280049792,0.4358974359,0.0362618862,-0.2,1.5,-0.7071067812,0.2179487179,0.0181309431,-0.2,1.5,-0.7071067812,1,0,8,0.045409,0.0288675,0.0158075
54,0.6227106227,0.1143185827,-0.157161515,1.5,-0.687555643,0.0256410256,0.0181309431,-0.5,1.5,-0.7071067812,0.3516483516,0.1051160795,-0.2358490566,1.5,0.6940881681,0.2777777778,0.0423055339,-0.968,1.5,0.2947996201,1,0,8,0.013616,0.025789,0.0218365
55,0.5707288471,0.1370786551,0.7408359311,1.7995504428,0.0301981454,0.1056011293,0.0920085292,0.6029037193,1.965814524,0.5686998391,0.3236700236,0.0532584537,0.9140013924,2.4842996402,-0.8779026923,0.1575031865,0.0703479594,-1.0074588727,2.8357749207,0.9621078613,1,0,10,0.0411605,0.051255,0.0460685
56,0.4810204082,0.1294120559,0.5192937237,1.4398479398,0.0840160232,0.1003061224,0.0810912531,0.3391051929,1.7862986515,0.306402562,0.4186734694,0.0537834483,0.4445631123,1.3282176748,-0.1566215521,0.2224489796,0.0302027027,0.0578284453,1.9890731162,0.0201582798,1,0,10,0.0530215,0.0550579999999999,0.041047
57,0.6350766973,0.071011782,0.1891269046,1.4823941638,-0.2961540121,0.0400226757,0.0209283662,-0.411277456,2.8967221165,-1.1653719393,0.3249006269,0.0596145794,0.1734835259,1.5686874193,0.1507177487,0.1682152861,0.0378883389,-0.3501462136,2.4047164607,0.7309012438,1,0,10,0.0566065,0.0579285,0.0454
58,0.5560637588,0.1749354546,0.6675734441,1.6257687122,-0.3716644585,0.0870937264,0.0789253602,0.6790869583,1.4465382338,0.407044337,0.3568425148,0.0992381318,0.5708264295,1.9084151043,0.2754717628,0.1465737406,0.0333511775,-0.5977647945,2.0428439927,0.7306390177,1,0,10,0.0450085,0.0407705,0.0348045
59,0.7174089069,0.0766113436,-0.0350109409,1.5,-0.3641680564,0.0560053981,0.0471659436,-0.0032179174,1.5,0.1069302482,0.226585695,0.0304592908,-0.1242007771,1.5,0.6442972577,0.1705802969,0.0208684284,-0.3649430035,1.5,0.6871984628,1,0,10,0.0345165,0.0438105,0.0364155
60,0.5931372549,0.0474898561,0.6493625818,1.3039762387,0.036002491,0.0315359477,0.019763543,-1.031839327,2.0622085657,-0.2378933208,0.3753267974,0.048604561,0.3470799706,1.9592077129,-0.5586705479,0.1976470588,0.0284793375,-0.0834207765,2.6032976505,-0.6539044847,1,0,10,0.03244,0.0444535,0.0392874999999999
61,0.5133333333,0.0837987006,0.3561320755,2.1316295465,-0.9073381178,0.0533333333,0.0377123617,-0.1015625,1.552734375,0.0386699021,0.4333333333,0.0727247474,0.1549295775,1.6153520232,0.3728420778,0.1933333333,0.0359010987,-0.1392405063,1.5160523187,-0.1856953382,1,0,20,0.0512505,0.060293,0.042795
62,0.7645299145,0.0630019474,-0.0952702166,1.5,0.4618421103,0.0218803419,0.0165450306,-0.0412969283,1.5,-0.3292063417,0.2135897436,0.046521329,-0.1205100671,1.5,-0.5035642579,0.0937606838,0.0414594232,-0.90502693,1.5,0.4612971854,1,0,20,0.06386,0.0601675,0.046028
63,0.7,0.0711805217,-0.3076923077,1.5,0.6654688661,0.0333333333,0.0249443826,-0.0588235294,1.5,-0.3818017742,0.2666666667,0.0471404521,-0.5,1.5,-0.7071067812,0.1666666667,0.0249443826,-0.9615384615,1.5,0.3818017742,1,0,20,0.0800615,0.067212,0.045702
64,0.3828571429,0.0903507903,0.2309066548,3.579916,1.1617575668,0.1714285714,0.1057528887,0.8375626043,1.8089392083,-0.1186783044,0.4457142857,0.0562791874,0.1578747628,2.7897491763,0.8996804422,0.1742857143,0.0437058815,0.1463414634,2.5786763094,0.6956256075,1,0,20,0.0480499999999999,0.0594755,0.0421595
65,0.3492307692,0.133270202,0.7442745351,1.6872441308,-0.1114087451,0.1076923077,0.0936568077,0.6656730903,2.1823298751,0.700634197,0.5430769231,0.068767682,0.4293115201,1.7197182167,0.0965416668,0.2015384615,0.0473686287,-0.2925287356,2.2239892111,0.4641546247,1,0,20,0.0452385,0.0511965,0.035326
66,0.565,0.1306713435,0.7697570182,1.8085163852,-0.4689152991,0.0925,0.0720676765,0.7605607123,1.6812721831,0.4816471546,0.3425,0.0611861913,0.6672967864,2.2910443393,0.6151343756,0.145,0.0239791576,0.1194968553,1.5973534972,0.3807654518,1,0,20,0.0478645,0.0585855,0.042789
67,0.4048,0.0885943565,0.2355195982,2.0062598693,-0.1350865511,0.1024,0.0620503022,0.636610554,2.1861232414,0.3138625482,0.4928,0.0756581787,-0.0521581508,2.0813089436,-0.1902304131,0.156,0.0502792204,0.2413162706,2.5270789938,0.5740096861,1,0,50,0.047263,0.0522355,0.039257
68,0.4,0.0719903375,0.4078014184,2.1160082879,-0.2237436732,0.0756521739,0.0429181311,0.1271590417,2.740279227,0.3621533005,0.5243478261,0.0682594849,-0.1016224303,2.0324754826,-0.0677641367,0.1852173913,0.0494200774,0.2621460819,2.4981439485,-0.2141516158,1,0,50,0.038185,0.0477195,0.036203
69,0.4303448276,0.1230218023,0.67404076,1.6420704458,-0.0470615144,0.1213793103,0.0885018659,0.709542853,2.665665429,0.5175420723,0.4482758621,0.0709574406,0.3200647391,3.3932824774,0.3202844936,0.1779310345,0.0493669798,-0.0912058255,3.6558967581,0.8755767982,1,0,50,0.0478375,0.0592655,0.044588
70,0.3928571429,0.0598126326,0.2042809022,1.898454902,-0.053953834,0.0628571429,0.0301018679,0.5289719626,2.1541271001,-0.2437027286,0.5442857143,0.0646655446,0.4030456853,2.720197761,0.14956368,0.1828571429,0.0489064079,0.3023137554,1.6517722979,-0.2829312804,1,0,50,0.063793,0.0491925,0.0338264999999999
71,0.43375,0.0623372882,0.0482113403,2.0766082544,0.0561655211,0.07125,0.0435710626,0.556296708,2.4963979068,0.5682500668,0.495,0.0460977223,-0.2744665195,2.6310034602,-0.0306254764,0.175,0.0502493781,-0.0246808511,2.5096559161,0.3783111693,1,0,50,0.047363,0.0461125,0.032881
72,0.412,0.0964157663,0.1327400114,1.927257592,-0.1236040979,0.078,0.0509509568,0.541155162,2.0999404085,0.2932213345,0.51,0.0796241169,0.1420289855,2.6393436097,0.6846046537,0.22,0.0464758002,0.275862069,2.8189300412,0.5737753105,1,0,50,0.046964,0.055755,0.0445535
73,0.37,0.073711148,0.2532088681,2.3850728292,-0.2530188074,0.1155555556,0.0716645133,0.2683566434,1.8129696746,-0.0214079181,0.5144444444,0.0621129994,-0.2792885727,2.9936329728,0.6381258595,0.2088888889,0.0525873758,-0.0710712797,1.7845790816,0.1726529406,1,0,100,0.036805,0.036963,0.0296225
74,0.3193103448,0.0642157481,-0.1253170063,1.8442174623,-0.1875909811,0.1151724138,0.0576924479,0.1138626587,2.5171257848,0.2674223575,0.5655172414,0.048678127,0.0557593119,3.5984093519,0.2803388123,0.1979310345,0.0387190865,-0.2452651883,2.8038973724,0.2317450444,1,0,100,0.0533309999999999,0.05706,0.0461845
75,0.3647368421,0.0793969654,-0.0447755588,2.9615458839,0.4530057141,0.0968421053,0.0460037334,0.470147857,2.4744228503,-0.0402521634,0.5384210526,0.0655955035,-0.3086019575,2.6714118357,0.0297102059,0.1857894737,0.0437475761,-0.1021145411,2.4893397054,-0.0699381547,1,0,100,0.0484985,0.0545,0.0430175
76,0.3915151515,0.0882187781,-0.068750815,2.4233410621,-0.0883842688,0.0793939394,0.0346357141,-0.0586424181,2.9701883122,0.1516862724,0.5290909091,0.0840044601,-0.1392118311,2.2207783354,-0.064607162,0.1933333333,0.039898862,-0.1638370119,2.2138034992,-0.2917698742,1,0,100,0.039464,0.048641,0.0415414999999999
77,0.5254545455,0.1647236604,0.9044533726,1.8141830321,-0.0159031023,0.1054545455,0.0682726667,0.9574345464,1.6468236004,-0.0002266484,0.3690909091,0.0984843823,0.8097064579,1.9486222456,-0.0272205158,0.1618181818,0.0356289417,0.13375,3.1248372396,1.0206207262,1,0,100,0.039154,0.0451795,0.0356915
78,0.3548717949,0.09657923,0.4920808205,2.300824167,0.3224823666,0.0912820513,0.0515990204,0.5306923823,2.0637190501,0.1817058162,0.5538461538,0.0729107422,0.1598346617,2.7015249828,-0.279663011,0.1902564103,0.0493801154,-0.2633511168,3.0394167341,0.2401759194,1,0,100,0.0502465,0.0565895,0.0434089999999999
79,0.365,0.0878919792,0.2878822197,2.8477393408,0.176739456,0.08625,0.0439992898,0.7429462922,1.9773483654,-0.2235618301,0.54875,0.06781178,0.1078846195,2.3909194852,-0.6089214729,0.18875,0.039980464,-0.1413326558,1.8412380354,-0.4714545988,1,0,200,0.0395985,0.0417235,0.038552
80,0.355,0.0671937497,0.2946133012,2.3196763833,-0.2734196723,0.082,0.045563143,0.3068168755,1.7178322029,-0.2501768574,0.563,0.0552358579,0.3106161184,2.9177528396,-0.1844597141,0.197,0.0495075752,0.1231900956,2.7067607107,-0.5596858709,1,0,200,0.032076,0.0354935,0.0318735
81,0.3696470588,0.0710003655,0.2074261411,2.8364881446,0.0929134947,0.088,0.0460383472,0.3930957684,3.2859065082,0.7446877206,0.5423529412,0.0644551291,0.2610935336,3.4574981296,0.1048378517,0.176,0.0468087473,-0.0157131695,2.656042973,0.0651917979,1,0,200,0.039715,0.0436115,0.039636
82,0.3395918367,0.0784533966,0.2412169922,2.2256556017,0.0304848648,0.0995918367,0.0536031976,0.4549412205,2.3983693666,0.4002178967,0.5608163265,0.0643281363,-0.0003250527,2.7359209939,0.1434721792,0.2065306122,0.0440570604,0.1637734632,2.5027139145,-0.010746604,1,0,200,0.0257085,0.034078,0.033148
83,0.3776923077,0.0673285682,0.3052719014,2.7006211915,-0.5534300808,0.1261538462,0.0442959386,-0.0966284558,3.6922171407,-0.9221636051,0.4961538462,0.0532105342,0.0451408684,3.4129909625,0.3663124424,0.1461538462,0.0387374717,-0.3458392102,2.1655753366,-0.1206486303,1,0,200,0.0275815,0.035512,0.034023
84,0.3706666667,0.0648553947,0.7632621845,2.2703790455,0.0456528567,0.108,0.0504909233,0.5123419627,2.2749864323,-0.4047291101,0.5213333333,0.0567881052,0.3296335771,3.9376337904,1.2953885425,0.1946666667,0.0475908488,0.1714046322,2.6562046386,0.4068783059,1,0,200,0.035592,0.038758,0.0369595
85,0.5222222222,0.0777777778,-1.0,1.0,0.0,0.1111111111,0.1111111111,-1.0,1.0,0.0,0.3666666667,0.0333333333,-1.0,1.0,0.0,0.5222222222,0.0777777778,-1.0,1.0,0.0,2,1,5,0.00119,0.00119,0.00119
86,0.4314814815,0.1431806058,-0.0050761421,1.5,-0.1350615228,0.1759259259,0.1761694221,-0.0675862069,1.5,0.5020675275,0.3925925926,0.0456623259,-0.4336283186,1.5,-0.2390631469,0.4481481481,0.0409087445,-0.0050761421,1.5,0.1350615228,2,1,5,0.0039195,0.0,0.007839
87,0.3488888889,0.1256292802,0.2247540868,2.2191040584,-0.5749611594,0.13,0.0884433277,0.2221110555,2.0952753745,0.087690977,0.5211111111,0.0615037889,-0.0387213594,2.2273964817,-0.528776497,0.3422222222,0.057262661,-0.0132890365,2.6376106837,0.6760925664,2,1,5,0.0,0.0,0.0
88,0.4444444444,0.0,0.0,0.0,0.0,0.0,0.0,0.0,0.0,0.0,0.5555555556,0.0,0.0,0.0,0.0,0.4444444444,0.0,0.0,0.0,0.0,2,1,5,0.003332,0.0,0.003332
89,0.2976190476,0.1496405368,-0.0864864865,1.5,0.4451092653,0.1031746032,0.0736001468,-0.7191011236,1.5,-0.652012117,0.5992063492,0.0881988523,-0.0186697783,1.5,0.2641238229,0.2698412698,0.0897913373,-0.2,1.5,-0.7071067812,2,1,5,0.00454,0.00454,0.00454
90,0.4583333333,0.0416666667,-1.0,1.0,-0.0,0.0416666667,0.0416666667,-1.0,1.0,0.0,0.5,0.0,0.0,0.0,0.0,0.25,0.0,0.0,0.0,0.0,2,1,5,0.00302,0.00302,0.00302
91,0.6666666667,0.0,0.0,0.0,0.0,0.0238095238,0.0238095238,-1.0,1.0,0.0,0.3095238095,0.0238095238,-1.0,1.0,0.0,0.1952380952,0.0047619048,-1.0,1.0,0.0,2,1,8,0.031628,0.030839,0.0298935
92,0.5776556777,0.1150113154,0.716063777,1.7496093557,-0.3221915623,0.1185243328,0.0831145268,0.7252158521,1.7284656133,0.2161844818,0.3038199895,0.0336767931,0.565711585,2.2521427931,0.6187603584,0.1987964417,0.1230391837,1.0793894692,3.3776948571,1.2922846175,2,1,8,0.0595635,0.024953,0.023562
93,0.619047619,0.0476190476,-1.0,1.0,-0.0,0.0238095238,0.0238095238,-1.0,1.0,0.0,0.3571428571,0.0238095238,-1.0,1.0,0.0,0.2857142857,0.0476190476,-1.0,1.0,0.0,2,1,8,0.0545719999999999,0.0323645,0.033801
94,0.4615634366,0.1047775729,0.3376874639,1.6862854311,-0.4838020526,0.1194638695,0.1078781356,0.4054560183,1.4830999601,0.2924941857,0.418972694,0.011143536,-0.3422180668,2.2554294039,-1.0351324191,0.2250832501,0.0668035245,0.0508719621,2.0462516256,-0.4647194182,2,1,8,0.0141315,0.0304925,0.0311815
95,0.5690725941,0.1635986162,0.2121517604,1.9840097605,-0.7934230072,0.0868881119,0.0928642447,0.075774485,2.1779481426,0.9317874008,0.344039294,0.0736914708,0.2822583373,1.6300375729,0.4647829245,0.1532883783,0.0525857683,0.4463529384,1.9894261351,0.7317497857,2,1,8,0.068427,0.0188375,0.019115
96,0.5166666667,0.0166666667,-1.0,1.0,0.0,0.0333333333,0.0333333333,-1.0,1.0,0.0,0.45,0.05,-1.0,1.0,0.0,0.45,0.05,-1.0,1.0,0.0,2,1,8,0.095008,0.040457,0.0342385
97,0.5263157895,0.0,0.0,0.0,0.0,0.0,0.0,0.0,0.0,0.0,0.4736842105,0.0,0.0,0.0,0.0,0.3157894737,0.0,0.0,0.0,0.0,2,1,10,0.0540165,0.0622684999999999,0.045477
98,0.6921052632,0.0078947368,-1.0,1.0,-0.0,0.0263157895,0.0263157895,-1.0,1.0,0.0,0.2815789474,0.0184210526,-1.0,1.0,0.0,0.2552631579,0.0447368421,-1.0,1.0,-0.0,2,1,10,0.066027,0.038236,0.033774
99,0.5487336601,0.0295873826,-1.1847177994,1.5858985402,0.4289436517,0.0772739651,0.0607000349,0.4142822926,1.2371857315,-0.0872026446,0.3739923747,0.0570869177,-0.1138338666,1.5752123391,-0.1833070952,0.1742102397,0.0144234509,0.1272077773,2.1523009242,-0.9610661664,2,1,10,0.0158125,0.0519235,0.035704
100,0.6393099548,0.0601547026,0.1113461049,2.1621476757,-0.946679121,0.0573717949,0.0584380224,0.1295439459,2.1110151214,0.8477483341,0.3033182504,0.014924126,-0.7747807224,1.8742422246,-0.0989367461,0.1279128959,0.0551169354,-0.4363826484,1.4088654529,0.3146230637,2,1,10,0.0485465,0.0488005,0.038192
101,0.6567671903,0.093854521,-0.4672012582,1.5,0.7059638884,0.0762527233,0.0539848004,-0.414910859,1.5,-0.6993411305,0.2669800864,0.0399287515,-0.5385343499,1.5,-0.7055282265,0.1938615602,0.0871106238,-0.2645757328,1.5,0.6426448351,2,1,10,0.040333,0.037169,0.0304685
102,0.6910962046,0.0111752833,-0.7911868529,1.2751788471,-0.1334851116,0.0537352368,0.0335134898,0.4601150703,1.9670116235,-0.7019188161,0.2551685587,0.0298083131,0.4854962732,1.7029388567,0.4436589637,0.1867274395,0.0783998149,0.4744499444,1.7288704436,0.2355218561,2,1,10,0.0431444999999999,0.0600495,0.035765
103,0.4293333333,0.0631893099,0.2399537331,4.2380680327,-0.8627577583,0.1213333333,0.0617377968,0.5929477784,2.4700117649,0.1278476919,0.4493333333,0.0494592986,0.1135303266,2.2529978198,0.3837232369,0.148,0.0290287214,-0.4090177134,1.8850344496,0.4604780355,2,1,20,0.0474705,0.064597,0.0438995
104,0.4511111111,0.0674033373,-0.0588235294,3.5431616257,0.6127221377,0.1,0.0533333333,0.2307692308,2.8564453125,-0.03515625,0.4488888889,0.0378430808,-0.2953904045,2.1450891795,0.3320831586,0.1688888889,0.0268512133,-0.1163328197,1.9779508351,-0.2947637411,2,1,20,0.042422,0.0537259999999999,0.0390555
105,0.4861538462,0.1292307692,0.9153738016,1.5387613379,-0.2786888565,0.1384615385,0.0971791489,0.8381311401,1.5944994064,0.292246142,0.3753846154,0.0408779392,0.6212278876,2.6629898322,0.2590772137,0.1538461538,0.0307692308,0.309240086,2.92345,0.5235,2,1,20,0.033229,0.0489545,0.0342355
106,0.6066666667,0.1233783702,0.8715203426,2.0223347008,0.2203969308,0.07,0.0585946528,0.6584022039,2.6725421812,0.8748603072,0.3233333333,0.0855699844,0.6926135495,3.0795659953,-0.1275625871,0.155,0.0392640633,0.3433652531,2.3644996348,-0.1775917311,2,1,20,0.0452915,0.0521364999999999,0.0332434999999999
107,0.7772307692,0.0823868778,0.168583602,2.8195826616,-1.1803946079,0.0811282051,0.0859634037,0.2965643932,2.5375777718,1.0208075154,0.1416410256,0.0300853924,0.0093838943,2.9466862717,1.2930518221,0.1256410256,0.0407632636,0.5771742216,2.5602717609,0.8830253205,2,1,20,0.0318405,0.0758095,0.04946
108,0.6433333333,0.0233333333,-1.0,1.0,0.0,0.02,0.02,-1.0,1.0,0.0,0.3366666667,0.0033333333,-1.0,1.0,0.0,0.1697435897,0.0097435897,-1.0,1.0,0.0,2,1,20,0.0493945,0.066861,0.045595
109,0.5127272727,0.0506486846,0.3435206353,4.5247236688,-1.6037482889,0.0836363636,0.0510387958,0.6457570208,3.3151717385,0.7158158563,0.4036363636,0.0328281274,0.2457142857,2.2077044676,0.4474962193,0.1781818182,0.0335256162,-0.349735285,3.3221453287,-0.8986663231,2,1,50,0.0714035,0.086967,0.0649619999999999
110,0.4137142857,0.0702276183,0.0513088157,2.9253209352,-0.0429154075,0.14,0.0679495611,0.5605633803,2.1246691501,0.0874265258,0.4462857143,0.0649872829,0.176992885,1.9232024852,0.1628003958,0.1605714286,0.0439443061,0.0796077714,2.1069400329,0.2222551566,2,1,50,0.098342,0.1145545,0.088522
111,0.4572413793,0.090626043,0.7342818516,2.2431156427,-0.3837922974,0.0862068966,0.0605955383,0.8000336126,2.4691867567,0.6921915544,0.4565517241,0.0589725747,0.280732201,2.2983052349,0.6208324466,0.1737931034,0.0517563118,-0.1119250934,2.9208323581,0.6062422181,2,1,50,0.0900465,0.1110044999999999,0.0889485
112,0.3336842105,0.0958183878,0.7018278419,2.9677960242,0.3358711168,0.1378947368,0.0648544076,0.4835434747,2.7121191849,-0.340947041,0.5284210526,0.0592286522,0.2427892071,2.0983784597,0.1704258236,0.1873684211,0.0431450559,0.0857565458,2.4671853741,0.2113869265,2,1,50,0.0425279999999999,0.057137,0.034806
113,0.4166666667,0.0859586464,0.4617517534,1.9873706823,-0.2698738982,0.105,0.0589491306,0.7946210269,1.9512965167,-0.1867236061,0.4783333333,0.0465176191,0.0951355029,2.5268249838,-0.2964722946,0.1466666667,0.0418993503,-0.273381295,2.9254927095,0.4249685746,2,1,50,0.0775585,0.1056175,0.080396
114,0.3666666667,0.081867101,0.3421292084,3.0400727508,-0.479092664,0.1293333333,0.090882097,0.565285911,2.1569015714,0.5057682019,0.504,0.0712554092,0.4123664469,2.8159293129,-0.5533414501,0.184,0.0394630629,-0.4659468439,3.8047476074,1.1267689368,2,1,50,0.073579,0.085712,0.067947
115,0.4135135135,0.0721940409,0.0782279138,3.5550299709,-0.2503407233,0.1102702703,0.0581928985,0.4187426074,2.7153118819,0.3482736334,0.4762162162,0.0586031708,-0.1672998533,2.6677196897,-0.0262634171,0.1686486486,0.0454504281,-0.1504379884,2.4607282999,0.2743188196,2,1,100,0.044528,0.0564355,0.042744
116,0.5036363636,0.0538132676,0.5016245487,2.8221836492,0.6743488769,0.0818181818,0.0385694608,0.8608547009,2.6681777778,-0.6612234078,0.4145454545,0.0257129739,-0.4355628059,1.7795,0.2609224023,0.1290909091,0.0384836554,0.5835045495,1.9653021365,0.6435098254,2,1,100,0.042092,0.0598115,0.0461055
117,0.96,0.0,0.0,0.0,0.0,0.0,0.0,0.0,0.0,0.0,0.04,0.0,0.0,0.0,0.0,0.04,0.0,0.0,0.0,0.0,2,1,100,0.0379725,0.0589035,0.0421695
118,0.4,0.0988631025,0.8185941043,2.8206393029,0.6371368309,0.1339130435,0.0706331078,0.4799590746,3.4775201704,0.3707074489,0.4660869565,0.0576148479,0.336254648,2.7902581452,0.1420022846,0.1826086957,0.0365010293,-0.1994718266,3.5160507936,0.4933071358,2,1,100,0.0344015,0.0470999999999999,0.037804
119,0.88,0.0,0.0,0.0,0.0,0.0,0.0,0.0,0.0,0.0,0.12,0.0,0.0,0.0,0.0,0.08,0.0,0.0,0.0,0.0,2,1,100,0.0357455,0.0503939999999999,0.04293
120,0.416,0.0773563184,0.5052177042,1.703809088,0.525106697,0.104,0.0703135833,0.4987572494,3.0561787162,0.7174517292,0.48,0.0481663783,-0.298245614,1.6349583829,-0.2147727927,0.178,0.034,-0.4774494557,1.8574609978,0.4005699165,2,1,100,0.0376165,0.058024,0.0475075
121,0.808,0.0722218803,0.3617021277,1.7625992698,0.2354706758,0.06,0.0489897949,0.4761904762,1.9666666667,0.4082482905,0.132,0.0430813185,-0.8126520681,1.7636741974,0.403407114,0.088,0.0203960781,0.3650793651,1.9556213018,0.2715454179,2,1,200,0.033023,0.0460205,0.042889
122,0.4058181818,0.0643482262,0.1021776175,2.13412987,0.3295974154,0.1592727273,0.0610172716,0.0092398226,2.746032304,-0.2613301613,0.4349090909,0.0749514443,0.135417485,2.5295468336,-0.2070058237,0.1429090909,0.0356586201,0.0069638473,3.7272197907,0.6080386201,2,1,200,0.0271105,0.0352595,0.0326695
123,0.4312195122,0.0725895619,0.2026696187,2.0857067619,0.1259097396,0.1302439024,0.072195122,0.5672752563,2.5311299046,0.3819461582,0.4385365854,0.0584999886,-0.1058418379,2.3941848752,-0.2611840114,0.1551219512,0.0371629209,0.2549689919,3.5041511095,0.745800504,2,1,200,0.033294,0.045481,0.0388325
124,0.3826966292,0.0747244232,0.2370470423,2.4830970052,0.2238877509,0.0988764045,0.0587020319,0.5426921506,2.569618849,0.5857798641,0.5184269663,0.0677884826,0.0856509542,3.3218289263,-0.0830192914,0.1611235955,0.0408185407,0.095452348,3.7391408587,0.0826098245,2,1,200,0.0303985,0.0472735,0.0450825
125,0.4254545455,0.0622843387,0.0284424646,4.4654400209,-0.6381364034,0.1154545455,0.0622113168,0.3114683319,3.1217020742,0.4974768928,0.4590909091,0.0743400718,-0.1018261263,3.9412636009,0.8616129359,0.1468181818,0.0432630814,0.1220261883,2.4429672812,0.3248828819,2,1,200,0.0260455,0.037742,0.0334664999999999
126,0.5533333333,0.1158543146,0.898904802,1.4242138503,0.2637094395,0.0666666667,0.0549747417,0.737012987,1.2314013841,0.0838174587,0.38,0.0653197265,0.8461538462,1.552734375,-0.6028041164,0.1666666667,0.0319722102,-0.6725663717,1.7296786389,0.6708724626,2,1,200,0.0365075,0.0474145,0.04811
127,0.5518518519,0.0409087445,-0.0050761421,1.5,-0.1350615228,0.0925925926,0.0692899516,-0.0588235294,1.5,-0.3818017742,0.3555555556,0.0314269681,-0.5,1.5,0.7071067812,0.4203703704,0.018332398,-0.9768786127,1.5,0.2947996201,2,0,5,0.0,0.0,0.0
128,0.5777777778,0.0222222222,-1.0,1.0,0.0,0.1111111111,0.1111111111,-1.0,1.0,0.0,0.3111111111,0.0888888889,-1.0,1.0,0.0,0.4222222222,0.0222222222,-1.0,1.0,0.0,2,0,5,0.007474,0.00717,0.008082
129,0.2925925926,0.1684676358,0.5396180766,1.897728231,-0.7242930731,0.2666666667,0.1902997419,0.4932432432,2.2915289256,0.3582864459,0.4407407407,0.0988965179,-0.0596953479,1.7174631026,0.394147277,0.4481481481,0.1811788861,0.932495781,2.6135542288,0.999953101,2,0,5,0.00476,0.00476,0.00476
130,0.6,0.0,0.0,0.0,0.0,0.0,0.0,0.0,0.0,0.0,0.4,0.0,0.0,0.0,0.0,0.4,0.0,0.0,0.0,0.0,2,0,5,0.0,0.0,0.0
131,0.4,0.0,0.0,0.0,0.0,0.0,0.0,0.0,0.0,0.0,0.6,0.0,0.0,0.0,0.0,0.6,0.0,0.0,0.0,0.0,2,0,5,0.00155,0.00155,0.00155
132,0.4166666667,0.0,0.0,0.0,0.0,0.0,0.0,0.0,0.0,0.0,0.5833333333,0.0,0.0,0.0,0.0,0.3333333333,0.0,0.0,0.0,0.0,2,0,5,0.00136,0.00136,0.0097795
133,0.6170634921,0.0923205565,0.1184566522,1.8213951752,-0.2146193319,0.1142857143,0.0787275985,0.045112782,1.9292088043,0.2478444089,0.2686507937,0.0189689181,0.0875576037,1.605298565,-0.4912712641,0.221031746,0.0419303824,0.2712735765,2.3416586163,-0.8523029347,2,0,8,0.045228,0.025033,0.0252045
134,0.6178266178,0.0389191147,-0.9972375691,1.5,0.0938713409,0.0415140415,0.0316990354,-0.0288683603,1.5,-0.2817455559,0.3406593407,0.030353609,-0.599009901,1.5,0.3479735564,0.1686202686,0.0378435536,-0.144239816,1.5,-0.6736668966,2,0,8,0.073374,0.035668,0.027625
135,0.5467266067,0.0979780976,0.6556966547,2.2329055202,0.5645675216,0.1483449883,0.0881512967,0.1639656339,2.4011118166,-0.3812925317,0.3049284049,0.0255373698,0.1469199674,1.439980781,-0.0811095167,0.1470729271,0.0735483554,-0.6799733375,2.7274167012,1.1050219406,2,0,8,0.0433605,0.0302929999999999,0.0267255
136,0.5556043956,0.0767027719,0.301420372,1.9252230622,-0.2838793495,0.0897435897,0.0705757295,0.5641825985,1.7992864144,0.3205357632,0.3546520147,0.0296430934,-0.9554788116,1.6512306065,-0.5099667727,0.2217582418,0.0405165959,-0.6514251155,1.9830327483,0.2139044016,2,0,8,0.01087,0.031011,0.020408
137,0.4215034965,0.1362618287,0.4194952049,1.7788964399,0.1427145649,0.1358974359,0.1234236569,0.1803684781,2.017484063,0.6623549809,0.4425990676,0.0428737727,-0.2668127566,1.6575341361,-0.0165302876,0.2122960373,0.0552264029,0.0653667471,2.1401231714,0.7977056217,2,0,8,0.0403375,0.0154744999999999,0.014277
138,0.533966034,0.126013706,0.7211568417,1.6096930321,-0.1863493234,0.1422910423,0.1077296273,0.8241800119,1.6103718051,0.2285780284,0.3237429237,0.0428300311,-0.3678695803,1.8149506079,0.1872913856,0.1577137149,0.0401889462,-0.2143455205,1.8771021099,-0.8474906892,2,0,8,0.0511815,0.0191435,0.016963
139,0.5893979249,0.1144684237,0.8806842081,1.3730223914,0.2209551358,0.1523467614,0.0996282263,0.9715823701,1.3956330641,-0.3367947874,0.2582553138,0.031522286,0.3273717774,2.8972485703,0.898165151,0.1368084498,0.0504961294,-0.4630394646,5.0271568434,1.8071716892,2,0,10,0.0307344999999999,0.060895,0.0474264999999999
140,0.8,0.0,0.0,0.0,0.0,0.0,0.0,0.0,0.0,0.0,0.2,0.0,0.0,0.0,0.0,0.3,0.0,0.0,0.0,0.0,2,0,10,0.0283425,0.0550775,0.0454055
141,0.6388480392,0.0637324421,-0.068090411,2.1160907561,-0.8674702922,0.0576388889,0.059231674,0.1290801855,2.1143198781,0.856664887,0.3035130719,0.0321203139,-0.4828563613,1.7131569163,0.5645637912,0.137745098,0.0222135099,-0.2439920404,2.1729115055,0.9450005342,2,0,10,0.024924,0.05675,0.0494025
142,0.6912280702,0.0775113054,-0.9949238579,1.5,0.1350615228,0.0701754386,0.065643112,-0.0384615385,1.5,0.3818017742,0.2385964912,0.1141295156,-0.5,1.5,0.7071067812,0.2912280702,0.0798582925,-0.892074199,1.5,0.483821181,2,0,10,0.072959,0.056504,0.0460034999999999
143,0.6310887513,0.103461666,0.5980986185,2.0818674136,-0.0930191108,0.1026688453,0.0866121027,0.4672842445,2.5433276719,0.8017332188,0.2662424034,0.0294346718,0.0455930668,2.6096138571,-0.7037789374,0.1584690211,0.0289890735,-0.1067949065,2.4164310252,0.0401260481,2,0,10,0.0418565,0.0479965,0.039838
144,0.7894736842,0.0,0.0,0.0,0.0,0.0,0.0,0.0,0.0,0.0,0.2105263158,0.0,0.0,0.0,0.0,0.3157894737,0.0,0.0,0.0,0.0,2,0,10,0.0398915,0.0453125,0.0332405
145,0.6025,0.1055639617,0.6661965989,1.9539525317,-0.5547481587,0.06,0.04,0.5652173913,1.65625,0.09375,0.3375,0.0724137418,0.5626718421,2.3590559168,0.8436324725,0.1625,0.0290473751,0.3920296571,2.6151440329,0.5163977795,2,0,20,0.0480875,0.0597835,0.041558
146,0.616,0.1286234815,0.6905697446,1.3467464056,0.4038597057,0.12,0.1035374328,0.5510204082,1.6980396525,0.2854256475,0.264,0.0496386946,0.1926070039,1.7288750211,0.320236139,0.104,0.0195959179,-0.3865546218,2.7291666667,0.8675276172,2,0,20,0.0475955,0.0554905,0.037028
147,0.7422222222,0.1021739016,0.8310499275,1.7884835878,-0.2144282085,0.0488888889,0.0401232669,0.4746938776,3.3305544055,1.0309062486,0.2088888889,0.0680595237,0.8053200818,1.7251626425,0.0570873115,0.1044444444,0.0279329002,0.4363992172,2.0292421086,-0.3997927112,2,0,20,0.0367985,0.074163,0.044735
148,0.6466666667,0.11508451,0.4557305812,2.5577901896,0.5415726401,0.0844444444,0.0469304713,0.2365758755,2.3564016972,-0.4225526056,0.2688888889,0.0724866952,0.4455749129,2.3315231217,-0.5424323875,0.1111111111,0.0251415744,1.0866773676,2.5568847656,-0.7968761968,2,0,20,0.0535919999999999,0.0563965,0.0361755
149,0.49,0.1106044002,0.0741573034,1.7318786241,0.1152941798,0.13,0.0746100976,0.3333333333,2.0561870271,-0.4911762316,0.38,0.0503322296,-0.3823529412,1.6038781163,0.6901510703,0.16,0.0282842712,-0.25,1.5,0.0,2,0,20,0.0489905,0.0521005,0.033481
150,0.412,0.0809279515,0.4571380921,3.4269912678,-0.6986549834,0.1013333333,0.0567881052,0.6703835028,3.4133214773,0.7187657775,0.4866666667,0.0504204544,0.0818639798,4.5460658223,-0.178452755,0.2026666667,0.0555537777,-0.6936282602,5.2107153475,1.1126070326,2,0,20,0.0469895,0.056855,0.041041
151,0.85,0.05,-1.0,1.0,-0.0,0.03,0.03,-1.0,1.0,0.0,0.12,0.02,-1.0,1.0,0.0,0.07,0.01,-1.0,1.0,-0.0,2,0,50,0.105464,0.1189205,0.09253
152,0.5725,0.1148640501,0.4438726039,3.3579333715,-1.060859087,0.085,0.0572276157,0.5467720685,2.8057222773,0.6442733731,0.3425,0.0627992834,0.265656794,3.3856781553,0.9262776409,0.1175,0.0185404962,-1.0132450331,3.7490909091,1.1914950297,2,0,50,0.0718315,0.079784,0.0626975
153,0.475,0.0957862203,0.6771900481,2.0054273177,-0.2073759686,0.12125,0.0835071105,0.7014145389,2.178088226,0.4556641767,0.40375,0.037562448,-0.1507222264,2.7010702604,-0.1589822047,0.11625,0.0355096818,0.4767108424,2.8550876854,0.6194969981,2,0,50,0.097787,0.1159699999999999,0.0906085
154,0.745,0.1211404144,-0.0064888248,2.0299591664,-0.3657743069,0.085,0.0653834842,0.3215189873,1.8343079922,0.2066083217,0.17,0.0591607978,-0.4065934066,1.8457142857,0.4346507596,0.085,0.016583124,-0.023255814,1.6280991736,-0.4933822002,2,0,50,0.0619584999999999,0.0752724999999999,0.0567245
155,0.3938461538,0.0758072923,0.0749748744,2.7588356869,0.8825545131,0.1030769231,0.0591457932,0.8384380306,1.8620058558,-0.0074971802,0.5030769231,0.0542621295,-0.0890897799,2.4262207794,-0.1163724667,0.1738461538,0.0286996279,0.4136953955,1.9902893381,-0.2319829709,2,0,50,0.100123,0.1064545,0.082985
156,0.3664285714,0.1136477731,0.7418776554,2.4310816963,-0.0933817136,0.1314285714,0.0946314009,0.7168181818,3.2962126758,0.9177836495,0.5021428571,0.0644402904,-0.1268414055,2.1548611218,0.0507523559,0.1542857143,0.0446757022,-0.059363622,2.5124769468,0.3986269638,2,0,50,0.0799135,0.094608,0.0751445
157,0.3594202899,0.0830554915,0.5504404951,4.4197596828,-0.6375566545,0.1255072464,0.0566590677,0.5205502162,3.2546907492,0.3621232711,0.5150724638,0.0640113937,0.1126313001,3.5449153065,0.2265307848,0.164057971,0.0423347201,-0.203553372,2.3575478776,-0.1020162576,2,0,100,0.046941,0.0576735,0.0460445
158,0.4215686275,0.100261864,0.4804817118,2.3467490324,-0.6084775713,0.1137254902,0.0684265968,0.7342082435,2.0700086022,0.3355935417,0.4647058824,0.0719027923,0.0352992929,2.2030728133,0.1223861736,0.1666666667,0.0325797162,-0.0575184881,2.8804994055,0.1622898213,2,0,100,0.048363,0.054969,0.0397295
159,0.4443243243,0.0935931547,0.4349561417,3.4132290462,-0.5685853153,0.0897297297,0.0630095011,0.3093644781,7.5782263723,1.7629902926,0.4659459459,0.0663919345,0.3594917478,3.3736494529,-0.3277603602,0.1437837838,0.039136031,0.1963314242,2.307593439,0.2320768286,2,0,100,0.0487304999999999,0.0627395,0.0510865
160,0.3037837838,0.0709530241,-0.2797370862,2.9548405058,-0.1304756652,0.1086486486,0.0545330132,0.12239392,5.282242675,1.0214600106,0.5875675676,0.0761721168,-0.2064280724,2.3048259269,0.1334411152,0.1902702703,0.0401676545,-0.1561983019,2.5034794148,-0.1799090331,2,0,100,0.0410235,0.0489135,0.040282
161,0.4218181818,0.0700413101,0.4395960244,2.3338753533,-0.1297498019,0.0731818182,0.0527331501,0.6044254117,2.8051032037,1.0037990921,0.505,0.0609209622,0.0809897034,3.3489728274,0.1191147138,0.1545454545,0.0377464354,-0.097045658,4.004882618,0.4771009151,2,0,100,0.0374295,0.054187,0.0460185
162,0.3838461538,0.0560272546,-0.3630169595,1.9445261837,0.1593821979,0.1338461538,0.0456640679,0.0769381235,4.0538509407,-0.7048693057,0.4823076923,0.0550040343,-0.0366262675,2.7796015411,0.2678947159,0.1507692308,0.0404706044,0.1771570014,2.1970789201,0.3897564026,2,0,100,0.0487255,0.0628375,0.053853
163,0.3944262295,0.0812307902,0.4214639168,2.6245127106,-0.2046448983,0.1252459016,0.0728710192,0.6287692416,2.7227885468,0.6228232174,0.4803278689,0.0588960522,0.1231094731,2.9609399141,0.0147546847,0.1573770492,0.0471447593,0.1448326137,2.5342759197,0.0669538396,2,0,200,0.0560969999999999,0.065498,0.0620975
164,0.4001980198,0.0718356237,0.1491977106,2.3298807586,0.1163014513,0.1205940594,0.060588235,0.6825536623,2.479693162,0.1810549447,0.4792079208,0.0675993317,0.1354860348,3.2762905931,0.0710513334,0.162970297,0.0383197737,0.0901458611,3.4557107881,0.1428409705,2,0,200,0.048499,0.0599404999999999,0.057142
165,0.4076056338,0.0838083795,0.291168292,2.8310307282,0.1203535728,0.1098591549,0.0588981685,0.3313649819,2.8842329322,0.601044251,0.4825352113,0.0672124718,-0.0201812689,3.8782373305,0.6471565478,0.1425352113,0.0451513358,0.3294275178,3.1031884881,0.5915466121,2,0,200,0.042422,0.0533155,0.047839
166,0.4425,0.0869985632,0.1243192951,1.8717311242,-0.0118171603,0.108125,0.0540507574,0.5964068596,2.1935530463,0.1931653608,0.449375,0.0761551664,-0.2084257253,2.6690853427,0.3980617322,0.159375,0.0318136665,0.0504381409,2.0151477348,-0.228332287,2,0,200,0.0402675,0.051429,0.0452435
167,0.5385714286,0.0783633609,0.7801782184,1.9322328793,-0.1032372218,0.0814285714,0.0611622132,0.6039798331,2.4929064621,0.7566015725,0.38,0.0362530787,0.2380952381,3.0037807183,0.1439158133,0.1342857143,0.0423782771,0.2426499412,1.9121487603,0.0165485421,2,0,200,0.0368815,0.048972,0.045011
168,0.364375,0.0791729712,0.5002363608,3.329062147,-0.3951481521,0.139375,0.0568956007,0.7179550254,3.6570676463,0.4225267267,0.49625,0.0621364426,0.0992049126,2.6752057579,-0.3626925127,0.1475,0.0366571957,-0.0227983907,2.2113791239,0.2911957226,2,0,200,0.0345035,0.0387815,0.035767
169,0.6,0.0,0.0,0.0,0.0,0.0,0.0,0.0,0.0,0.0,0.4,0.0,0.0,0.0,0.0,0.4,0.0,0.0,0.0,0.0,3,1,5,0.02619,0.02619,0.02619
170,0.5555555556,0.0,0.0,0.0,0.0,0.0,0.0,0.0,0.0,0.0,0.4444444444,0.0,0.0,0.0,0.0,0.5555555556,0.0,0.0,0.0,0.0,3,1,5,0.0,0.0,0.0
171,0.2490740741,0.212142138,0.9203581664,1.7904244895,0.481841994,0.2342592593,0.1125104781,0.7671372198,3.3339598397,-1.2725497123,0.5166666667,0.1182433147,0.604743083,1.6350598658,-0.3248437014,0.4101851852,0.0164856424,0.0095451993,3.2095154694,1.3486830093,3,1,5,0.0,0.0,2.15e-05
172,0.3888888889,0.2116950987,0.3253895509,1.6863829884,-0.516188445,0.1194444444,0.0759202798,0.5013169447,1.88602872,-0.6150912882,0.4916666667,0.1516117117,0.1820448878,1.9446792198,0.6725321224,0.3875,0.0320047739,-0.4801762115,2.2352772192,-0.9929662702,3,1,5,0.00937,0.00937,0.00937
173,0.3472222222,0.0972222222,-1.0,1.0,0.0,0.0416666667,0.0416666667,-1.0,1.0,0.0,0.6111111111,0.0555555556,-1.0,1.0,0.0,0.3888888889,0.0555555556,-1.0,1.0,0.0,3,1,5,0.0,0.0,0.0005185
174,0.25,0.0,0.0,0.0,0.0,0.0,0.0,0.0,0.0,0.0,0.75,0.0,0.0,0.0,0.0,0.5,0.0,0.0,0.0,0.0,3,1,5,0.00958,0.00958,0.011819
175,0.5619047619,0.0380952381,-1.0,1.0,0.0,0.0238095238,0.0238095238,-1.0,1.0,0.0,0.4142857143,0.0142857143,-1.0,1.0,0.0,0.2761904762,0.0095238095,-1.0,1.0,-0.0,3,1,8,0.0223145,0.0356165,0.0460895
176,0.5670634921,0.0650624252,-0.1161132648,1.5,-0.6296135491,0.0920634921,0.0652147257,-0.3976470588,1.5,-0.6958131889,0.3408730159,0.0525280522,-0.7741642683,1.5,-0.7003028883,0.3952380952,0.0875465539,-0.0018867925,1.5,-0.0814283185,3,1,8,0.0449095,0.027104,0.035298
177,0.5384615385,0.0,0.0,0.0,0.0,0.0,0.0,0.0,0.0,0.0,0.4615384615,0.0,0.0,0.0,0.0,0.3076923077,0.0,0.0,0.0,0.0,3,1,8,0.0390635,0.0348015,0.0353555
178,0.675,0.075,-1.0,1.0,-0.0,0.0666666667,0.0666666667,-1.0,1.0,0.0,0.2583333333,0.0083333333,-1.0,1.0,0.0,0.2916666667,0.0416666667,-1.0,1.0,0.0,3,1,8,0.072319,0.0253025,0.0283609999999999
179,0.4785027473,0.0988978211,-0.0792993215,2.0055468904,0.2129949739,0.0789377289,0.0553595477,0.3300944399,1.8740713104,-0.1017615857,0.4425595238,0.0464771952,-0.6793932941,1.7195539765,-0.2678588695,0.2992673993,0.1188894413,0.1226935593,2.2143118353,0.9820217137,3,1,8,0.06722,0.0360535,0.0372775
180,0.63,0.1022601724,0.449801288,1.6329484561,-0.1888266254,0.1085714286,0.0795907902,0.4572158365,2.1176867696,0.3401460417,0.2614285714,0.0865095384,-0.2492094573,1.5809556055,0.0552863532,0.2423809524,0.0407525579,0.1825706743,1.2718480738,-0.1559563809,3,1,8,0.0593145,0.02078,0.0165459999999999
181,0.6469135802,0.0382915121,-0.8109932498,1.5,0.5851024021,0.0432098765,0.0314754291,-0.1379310345,1.5,-0.5280049792,0.3098765432,0.0166552316,-0.7489626556,1.5,0.6809718997,0.2481481481,0.0366647961,-0.5,1.5,0.7071067812,3,1,10,0.042593,0.038338,0.0343814999999999
182,0.3680758017,0.1954166501,0.6813323833,2.0367668005,-0.5035888923,0.0976141885,0.0874509053,0.6359231817,1.8565646645,0.6974485471,0.5343100097,0.1130927935,0.6056391032,2.1681957815,0.407096693,0.1922918691,0.0229980059,0.3259287422,1.613238015,0.4216306874,3,1,10,0.0509595,0.0395965,0.0382815
183,0.6842105263,0.0,0.0,0.0,0.0,0.0,0.0,0.0,0.0,0.0,0.3157894737,0.0,0.0,0.0,0.0,0.2631578947,0.0,0.0,0.0,0.0,3,1,10,0.0559405,0.0425915,0.0400289999999999
184,0.5131578947,0.0131578947,-1.0,1.0,0.0,0.0263157895,0.0263157895,-1.0,1.0,0.0,0.4605263158,0.0394736842,-1.0,1.0,0.0,0.3315789474,0.0684210526,-1.0,1.0,-0.0,3,1,10,0.051549,0.0508669999999999,0.039763
185,0.7,0.0,0.0,0.0,0.0,0.0,0.0,0.0,0.0,0.0,0.3,0.0,0.0,0.0,0.0,0.4,0.0,0.0,0.0,0.0,3,1,10,0.0228955,0.0354509999999999,0.0306919999999999
186,0.8,0.0,0.0,0.0,0.0,0.0,0.0,0.0,0.0,0.0,0.2,0.0,0.0,0.0,0.0,0.2,0.0,0.0,0.0,0.0,3,1,10,0.046014,0.046213,0.0391315
187,0.416,0.1387948126,0.0104393214,2.2781564221,0.7393499677,0.088,0.0688186021,-0.8323293173,1.4295562454,-0.0459492356,0.496,0.0958331884,0.1289844329,2.4248260875,-0.1819363454,0.196,0.0496386946,0.3613933237,1.7288750211,-0.320236139,3,1,20,0.0438855,0.0419985,0.0344225
188,0.8068376068,0.0822202676,-0.0161198917,1.5,-0.2448850377,0.0370940171,0.0264697971,-0.2772791306,1.5,-0.6500147188,0.1560683761,0.0604553303,-0.0992677004,1.5,0.5934328014,0.1160683761,0.0118455495,-0.90502693,1.5,-0.4612971854,3,1,20,0.0408095,0.0430215,0.037222
189,0.3583333333,0.0562484568,0.6320498643,2.3317875838,0.5796536618,0.0766666667,0.0570574759,0.8031469702,1.6416848187,0.3836221166,0.565,0.0536190265,0.347601476,2.4139886578,0.6146422997,0.2383333333,0.0435571145,-0.1347713546,2.3745833235,-0.0384320066,3,1,20,0.0569084999999999,0.042106,0.038672
190,0.4181818182,0.0797516807,0.3645747516,2.3134700749,0.393870463,0.0945454545,0.0627206848,0.3168688619,2.3535301179,0.1819701528,0.4872727273,0.0541195493,0.2032565974,2.496973233,-0.6900381114,0.1818181818,0.0376148379,-0.3312346974,2.5458773692,0.8524447452,3,1,20,0.073686,0.0460215,0.0374925
191,0.36,0.1032795559,0.9113924051,1.9134375,0.7624935963,0.07,0.0472581563,-0.4823529412,1.8411672978,0.1515966697,0.57,0.0789514619,0.6996047431,1.5911521633,-0.1625584162,0.2066666667,0.0512076383,0.1085714286,3.3654122379,-1.2665836424,3,1,20,0.0661845,0.0467215,0.042225
192,0.3333333333,0.0718021974,0.1828793774,2.1929250892,-0.2177117758,0.0511111111,0.0354163943,0.390438247,2.5468100936,0.6887192066,0.6155555556,0.0539775902,0.1466563885,2.1382993393,-0.1367659712,0.2111111111,0.0366498278,-0.358490566,2.4347426471,-0.7387528138,3,1,20,0.0699515,0.0439405,0.0377145
193,0.3466666667,0.0710555338,-0.0168711656,3.3990651656,-0.1945842967,0.064,0.042708313,0.2159559835,1.8130193906,0.4370733787,0.5893333333,0.0733454535,-0.5405519374,2.6588384256,0.7205202234,0.236,0.0414407207,0.0978398983,4.8136453069,-1.2607996749,3,1,50,0.04762,0.0394594999999999,0.0347634999999999
194,0.456,0.1175755077,0.3425539977,2.3075970936,-0.377298912,0.056,0.0407921561,0.4444444444,1.9556213018,0.2715454179,0.488,0.0775628777,0.2571676803,2.4330296514,0.4369824589,0.196,0.0265329983,-0.2557077626,2.2169421488,0.3700366502,3,1,50,0.061077,0.0437025,0.0368384999999999
195,0.422,0.090088845,0.5961425755,2.7804758552,0.1314293176,0.066,0.0335261092,0.8954096456,2.4014006915,-0.3515611307,0.512,0.0727736216,0.2759769767,3.6999205922,-0.0009963439,0.2,0.0626099034,0.2096774194,2.2886297376,0.2151319045,3,1,50,0.040225,0.0340885,0.0282905
196,0.765,0.0829156198,0.5026269702,1.5976330579,0.1381470161,0.03,0.0223606798,0.4545454545,1.64,-0.0,0.205,0.0606217783,0.5183946488,1.5869776482,-0.185156063,0.1,0.02,0.3333333333,1.0,-0.0,3,1,50,0.045557,0.040132,0.031172
197,0.88,0.0,0.0,0.0,0.0,0.0,0.0,0.0,0.0,0.0,0.12,0.0,0.0,0.0,0.0,0.1,0.0,0.0,0.0,0.0,3,1,50,0.0558175,0.044329,0.035996
198,0.9,0.0,0.0,0.0,0.0,0.0,0.0,0.0,0.0,0.0,0.1,0.0,0.0,0.0,0.0,0.1,0.0,0.0,0.0,0.0,3,1,50,0.0606655,0.04878,0.0429719999999999
199,0.2930769231,0.0610024735,0.031547064,2.4495127002,-0.3940666852,0.0792307692,0.0434938614,0.4001351482,2.5116095018,0.1615137128,0.6276923077,0.0584615385,-0.0984286985,4.0395053368,0.5331134276,0.2246153846,0.0356511699,0.2466445602,3.1078618021,-0.1053516309,3,1,100,0.043262,0.0357414999999999,0.031431
200,0.2925925926,0.0746643151,-0.1804904837,2.0442481322,0.2744020774,0.0837037037,0.0369331877,0.3174617776,3.4138169728,0.0804347047,0.6237037037,0.0671178151,-0.1624940784,4.131803644,0.3507297939,0.2355555556,0.0374495545,0.0301876887,2.1619222377,0.08691922,3,1,100,0.0382825,0.032919,0.0297549999999999
201,0.2891891892,0.0473274035,-0.2365468398,3.1747565953,0.2525588536,0.0897297297,0.0417512898,0.0320313066,2.7680598484,0.1616490292,0.6210810811,0.0567490342,-0.2757168213,1.8179403552,0.2007531363,0.2248648649,0.0585233435,0.1541387169,3.5437875446,0.6399727454,3,1,100,0.0376535,0.033306,0.0307355
202,0.3086666667,0.0692210629,0.1462886922,2.0134035578,0.057391028,0.0786666667,0.0505788713,0.5219078334,4.4004658281,0.9652987289,0.6126666667,0.0754512352,0.1905682319,2.5286343678,-0.6232206847,0.248,0.0590141226,0.1568047337,2.9573085934,0.4938730104,3,1,100,0.0483395,0.0436435,0.0394459999999999
203,0.2936842105,0.0920074669,0.3539284324,2.6132081083,-0.3256831289,0.0842105263,0.0364642275,0.4601219512,2.5563916667,-0.4695301064,0.6221052632,0.0713463714,0.1708967245,2.76718445,0.637214759,0.2231578947,0.0495296436,0.0731959605,2.1783782924,-0.1603444959,3,1,100,0.0405289999999999,0.0342165,0.0301379999999999
204,0.2968,0.0508110224,0.4435027672,2.120472636,0.1647915583,0.0896,0.0528,0.6390987588,2.0356431837,0.2963728191,0.6136,0.0444414221,0.268492668,2.6317882822,0.4277244848,0.216,0.045254834,0.1692839196,2.2702636719,0.3521723227,3,1,100,0.025294,0.0224915,0.0177235
205,0.2874418605,0.0696867751,-0.0685265248,2.9927958633,0.4392748281,0.1269767442,0.0526301215,0.008921463,3.3271545297,0.3771903232,0.5855813953,0.0758610212,-0.1289463438,2.2704671536,-0.0702619929,0.2227906977,0.0455624071,0.2254418748,2.9761094791,0.2644933014,3,1,200,0.0376805,0.03494,0.0335635
206,0.2854166667,0.0548846644,0.0252033261,3.0830497125,-0.4049014208,0.1191666667,0.0481245491,0.1031217996,3.0784326877,-0.1215092157,0.5954166667,0.0611336764,-0.1936503214,3.1121126781,0.4098941708,0.2170833333,0.0469023069,0.0633798366,2.7295400375,0.0979543191,3,1,200,0.034698,0.032868,0.0322309999999999
207,0.3141666667,0.065949265,-0.4894322938,1.8571311955,0.1114863108,0.065,0.0306865877,0.2326530612,2.9431435508,0.1989857831,0.6208333333,0.0623108248,-0.537124673,1.7743685467,-0.0139455073,0.2158333333,0.0585887266,-0.0936732455,2.4869729359,0.3943717517,3,1,200,0.023728,0.0229175,0.0229455
208,0.2978378378,0.0675091639,0.2542191465,2.5147329194,-0.0416228478,0.1054054054,0.0417582874,0.1753532723,3.870786397,0.0311423031,0.5967567568,0.0570468775,0.0835159424,2.1447367025,-0.0319072907,0.2032432432,0.0486606592,0.0635038114,2.609507547,-0.5380211697,3,1,200,0.0312515,0.0301439999999999,0.0300205
209,0.2954545455,0.0507871917,-0.0301732302,2.5345782685,0.4385472178,0.1009090909,0.0530787657,0.5026245672,4.7795048584,0.972346956,0.6036363636,0.0704882617,0.2096374393,1.7548150539,0.1358180763,0.2263636364,0.0553949009,0.0772702135,5.9866206251,0.7213279002,3,1,200,0.0167259999999999,0.0165025,0.016298
210,0.3163636364,0.0683404216,0.3149710782,2.605388174,0.360294392,0.0956363636,0.0515492222,0.4178374711,3.4049977009,0.6686756372,0.588,0.07232251,0.1404977902,3.8741640384,-0.7100194575,0.2294545455,0.0590660087,0.0531845813,3.8623084846,0.5801231728,3,1,200,0.0195585,0.018153,0.0174455
211,0.4,0.0,0.0,0.0,0.0,0.0,0.0,0.0,0.0,0.0,0.6,0.0,0.0,0.0,0.0,0.6,0.0,0.0,0.0,0.0,3,0,5,0.0,0.0,0.0001645
212,0.3236111111,0.2242399715,0.3873846011,1.6853541444,-0.2530011478,0.1361111111,0.0963452511,0.3562836997,1.8424574474,-0.0792326914,0.5402777778,0.1303707321,0.3649323164,1.6131910127,0.4100662433,0.4861111111,0.0746907203,-0.6977704377,1.817639733,0.4614078693,3,0,5,0.00846,0.00846,0.009682
213,0.6,0.0,0.0,0.0,0.0,0.0,0.0,0.0,0.0,0.0,0.4,0.0,0.0,0.0,0.0,0.4,0.0,0.0,0.0,0.0,3,0,5,0.0,0.0,0.0002635
214,0.2625,0.1249305363,0.2596729158,1.9021270699,-0.5843069076,0.1194444444,0.0759202798,0.5013169447,1.88602872,-0.6150912882,0.6180555556,0.0684230441,-0.038263969,2.2060793209,0.9677567944,0.4541666667,0.0967348897,-0.8388829216,1.9056694697,0.3552927214,3,0,5,0.00279,0.00279,0.002973
215,0.4,0.0,0.0,0.0,0.0,0.0,0.0,0.0,0.0,0.0,0.6,0.0,0.0,0.0,0.0,0.6,0.0,0.0,0.0,0.0,3,0,5,0.0,0.0,0.002995
216,0.4444444444,0.0,0.0,0.0,0.0,0.0,0.0,0.0,0.0,0.0,0.5555555556,0.0,0.0,0.0,0.0,0.3333333333,0.0,0.0,0.0,0.0,3,0,5,0.00254,0.00254,0.002585
217,0.5304029304,0.1339004964,0.5713209971,2.0220630119,0.0594476691,0.0916483516,0.0528145684,0.5795791293,2.0860314806,-0.7674325928,0.3779487179,0.092244993,0.3963344988,2.0671897016,0.5829525247,0.2853479853,0.0453893306,-0.4739896999,2.7640265195,-1.0627796165,3,0,8,0.014417,0.0289035,0.027572
218,0.6666666667,0.0,0.0,0.0,0.0,0.0,0.0,0.0,0.0,0.0,0.3333333333,0.0,0.0,0.0,0.0,0.2,0.0,0.0,0.0,0.0,3,0,8,0.023315,0.0321485,0.03183
219,0.75,0.0,0.0,0.0,0.0,0.0,0.0,0.0,0.0,0.0,0.25,0.0,0.0,0.0,0.0,0.25,0.0,0.0,0.0,0.0,3,0,8,0.0077895,0.017185,0.0173375
220,0.6246031746,0.0939663771,-0.0562317145,1.5,0.3747946805,0.0698412698,0.0583643692,-0.0018867925,1.5,0.0814283185,0.3055555556,0.0392837101,-0.5,1.5,-0.7071067812,0.2515873016,0.0117181135,-0.5553846154,1.5,0.2007001872,3,0,8,0.0362489999999999,0.0227475,0.021523
221,0.6289010989,0.1313540243,0.4779132567,1.5477544513,-0.5597287337,0.084029304,0.0488505727,0.7736265262,2.2092585244,-0.6223186212,0.2870695971,0.1008615625,0.3079500698,2.0824082373,0.7401982017,0.2505860806,0.0381818542,-0.1287581245,2.2378862764,-0.1032973526,3,0,8,0.036689,0.022677,0.0253235
222,0.4542790543,0.1605166649,0.7406084354,1.6356811965,-0.1971325337,0.0952158952,0.053397856,0.2406682701,2.0557131893,-0.6027878347,0.4505050505,0.1236084672,0.6286226667,1.3898779323,0.2897038711,0.2549006549,0.0351528905,-0.3971843557,2.4982909435,-0.61286815,3,0,8,0.0454975,0.0199785,0.023517
223,0.5727272727,0.0272727273,-1.0,1.0,-0.0,0.0227272727,0.0227272727,-1.0,1.0,0.0,0.4045454545,0.0045454545,-1.0,1.0,0.0,0.2386363636,0.0113636364,-1.0,1.0,-0.0,3,0,10,0.044379,0.0347285,0.0313895
224,0.5458238851,0.1339617847,0.4902591993,2.4656805607,-0.6165302737,0.0454138322,0.0446945399,0.1000260448,3.5400503563,1.3654846226,0.4087622827,0.0929349849,0.6336060173,2.0091994881,0.2833649919,0.1757048375,0.0220806654,-0.2498294716,1.7464301706,-0.3794809516,3,0,10,0.0469775,0.0362365,0.0305655
225,0.4056054422,0.1616668783,0.5879477539,1.622920153,-0.3326249728,0.093260771,0.0926579763,0.4952317723,1.618052821,0.5502934841,0.5011337868,0.0718153155,0.6815027297,1.6292401423,-0.0676671267,0.2058253968,0.0319781636,-0.0341439313,1.7467566684,-0.4180694299,3,0,10,0.029676,0.043242,0.0408075
226,0.598167498,0.0929120653,0.0330457043,2.0126907631,0.2484702884,0.0625680828,0.0477575892,0.4885528589,1.5079182852,-0.0030479627,0.3392644192,0.0517111799,-0.7774281117,1.6835990864,-0.3445606041,0.2228149008,0.1149984455,-0.4060946296,2.3065677317,1.1227592306,3,0,10,0.0438955,0.042214,0.0388935
227,0.7,0.0,0.0,0.0,0.0,0.0,0.0,0.0,0.0,0.0,0.3,0.0,0.0,0.0,0.0,0.3,0.0,0.0,0.0,0.0,3,0,10,0.032418,0.0308485,0.024404
228,0.5185185185,0.0,0.0,0.0,0.0,0.0,0.0,0.0,0.0,0.0,0.4814814815,0.0,0.0,0.0,0.0,0.2962962963,0.0,0.0,0.0,0.0,3,0,10,0.038159,0.0447334999999999,0.0376355
229,0.5525,0.1126665434,0.7191000659,1.8961161087,0.3950822849,0.0925,0.050928872,0.3767298821,2.0772652054,-0.395306814,0.355,0.0733143915,0.4319352465,1.9953921038,0.2607438823,0.155,0.0217944947,0.0993377483,3.1606648199,0.507129517,3,0,20,0.076036,0.0458045,0.042302
230,0.444,0.1385063175,0.7453762351,1.9913710411,0.5209157704,0.094,0.0681469001,0.7202425274,2.0252945091,0.3785711391,0.462,0.0850646813,0.6105473155,1.9301126576,-0.6307170084,0.166,0.0358329457,0.1015501424,2.1329082598,-0.3505362846,3,0,20,0.070951,0.0479495,0.039022
231,0.3575,0.0603634823,0.153392974,1.8864894127,0.2016088345,0.065,0.0517204022,0.1441048035,3.471831601,1.0679275982,0.5775,0.0560691537,0.2931726908,1.4436680118,-0.042017128,0.225,0.034278273,-0.5215686275,2.6206428248,-0.2420738157,3,0,20,0.050343,0.038941,0.033231
232,0.72,0.04,-1.0,1.0,0.0,0.02,0.02,-1.0,1.0,0.0,0.26,0.02,-1.0,1.0,0.0,0.19,0.01,-1.0,1.0,0.0,3,0,20,0.0583855,0.044976,0.0383859999999999
233,0.4271428571,0.0963941738,0.5042488144,2.8528710998,0.5919968109,0.0771428571,0.0353409054,0.7622080679,2.6265538895,-0.6372504658,0.4957142857,0.0741344614,0.3687624228,2.0470969764,-0.0746184962,0.1371428571,0.0291372544,0.7335390947,2.6357248521,0.8033218612,3,0,20,0.0513739999999999,0.0381564999999999,0.0330455
234,0.565,0.0739932429,0.5734870317,1.7568649528,0.6016839671,0.03,0.03,-0.037037037,2.1851851852,0.8888888889,0.405,0.0572276157,0.2,1.9554221782,-0.2521069721,0.205,0.016583124,0.5789473684,1.6280991736,-0.4933822002,3,0,20,0.0645225,0.042488,0.035754
235,0.3172727273,0.0696211709,0.5542251084,2.1377703355,0.3729620469,0.1090909091,0.0657065855,0.7570826039,1.802440849,0.0642625041,0.5736363636,0.0616106141,0.3948296003,2.5406945764,-0.1104103004,0.2236363636,0.0384406809,0.1222810774,1.9306187409,0.1250708761,3,0,50,0.0559914999999999,0.0424859999999999,0.035687
236,0.378,0.0602992537,-0.0171058715,2.0739397372,0.2929284402,0.082,0.0451220567,0.8151950719,1.8930643312,-0.2288488252,0.54,0.0489897949,-0.1016949153,3.8333333333,-1.3063945295,0.22,0.0309838668,0.25,2.0833333333,-0.3227486122,3,0,50,0.0514675,0.0406695,0.0343025
237,0.3387096774,0.0522859344,-0.1097724164,2.6537295209,0.1679304703,0.1077419355,0.0602526764,0.5921944139,2.1801310694,-0.0478195669,0.5535483871,0.0728032429,0.0204671999,1.9370423276,0.059228853,0.2193548387,0.0398331588,0.1950182675,2.578707379,0.2405014972,3,0,50,0.0561185,0.0415665,0.0324905
238,0.4163636364,0.0790020399,0.0103256006,1.9172000682,0.1794827949,0.0454545455,0.027090299,0.7396807925,1.6697102508,-0.063487735,0.5381818182,0.0640764007,-0.1904894845,1.5581966129,-0.1332401526,0.2309090909,0.0231416765,-0.3460443939,2.6710105167,0.5936205077,3,0,50,0.0517419999999999,0.037924,0.0333405
239,0.2783333333,0.0850326735,-0.0550235946,1.8856349296,0.4220504472,0.1166666667,0.086345559,0.2046286802,3.2229072874,0.8407857118,0.605,0.0817006732,-0.4114633365,2.5541808694,-0.0554687621,0.21,0.0562731434,0.1638795987,2.5725207756,0.4040442871,3,0,50,0.042452,0.039616,0.032371
240,0.3216666667,0.0618914821,0.6804803237,2.7564682293,-0.8709795017,0.065,0.0347610894,-0.0510948905,2.1892508918,-0.3868772846,0.6133333333,0.0708676388,0.4907749077,2.4314355079,0.7251043154,0.2233333333,0.0268741925,-0.2708757637,2.6662721893,0.5190376586,3,0,50,0.0764895,0.0523945,0.039062
241,0.3098181818,0.0747235124,0.0054429026,4.1497344172,-0.3786690788,0.0952727273,0.0568204363,0.4117730154,5.8659835568,1.1342396601,0.5949090909,0.0708615225,0.1855769129,2.48421437,-0.1356558225,0.2421818182,0.0652461328,0.4079975073,2.3510951743,0.2421275212,3,0,100,0.0383295,0.034981,0.030259
242,0.2832258065,0.0720388379,0.1460709655,2.4768664374,0.3121882229,0.0922580645,0.0459108306,0.5418171165,2.3801408324,0.0626700902,0.624516129,0.0701536889,-0.0430183222,2.2237298373,0.3230903915,0.2348387097,0.0539934863,-0.0183936396,2.5331923408,0.1171412606,3,0,100,0.0516545,0.0469635,0.0415275
243,0.3347368421,0.0730802314,-0.0230236163,3.1646152787,0.4893639446,0.0968421053,0.057404624,-0.0203571875,2.5428284767,0.3855590246,0.5684210526,0.0646662002,-0.2099398356,2.4158075124,-0.10949428,0.2284210526,0.0640117718,-0.3897878379,3.8722287434,0.9932508135,3,0,100,0.0639795,0.057898,0.0532765
244,0.375,0.0739932429,-0.8326693227,2.1892162382,0.9978697177,0.035,0.0217944947,-0.037037037,2.0969529086,-0.6520236647,0.59,0.0538516481,-1.0571428571,2.1605231867,-0.9220734034,0.215,0.0295803989,-0.4351145038,1.8457142857,0.4346507596,3,0,100,0.0582885,0.0530024999999999,0.049856
245,0.3061111111,0.0642597929,0.0436572512,2.4668100123,-0.2367495518,0.1022222222,0.0617841723,0.5362087741,3.1357741633,0.783398208,0.5916666667,0.0744423714,0.3101732116,2.5397079164,-0.1136379977,0.2216666667,0.0486198405,0.205234663,2.4981199971,-0.05067413,3,0,100,0.0423259999999999,0.039181,0.0369825
246,0.3042105263,0.0691539693,0.2522440119,2.7047278012,-0.5291856478,0.0936842105,0.0442731386,0.276217939,3.2123136321,0.5473149992,0.6021052632,0.0714937574,0.2769179993,2.6124573533,0.1144231707,0.2247368421,0.0429036155,-0.1131728296,2.6547696039,-0.2765841666,3,0,100,0.0453835,0.0415075,0.036995
247,0.272,0.0608886572,0.1871194526,2.7606492723,-0.2829850474,0.114,0.0637270967,0.4588696716,3.6703182606,0.8092230971,0.614,0.0678106608,0.254450157,2.00320373,-0.1066134211,0.2251428571,0.0513459654,0.0294581147,2.0799480272,-0.0938010664,3,0,200,0.0385485,0.0370805,0.0363835
248,0.2904615385,0.0545874251,0.0296960802,2.8583613864,-0.1476603191,0.0966153846,0.0526900056,0.0918159366,2.1837920407,0.3957466546,0.6129230769,0.0715052032,0.0767588617,2.6462748836,-0.2390566313,0.2378461538,0.0478617338,-0.0150111178,2.9615262894,0.4438006742,3,0,200,0.0453925,0.0428375,0.0419565
249,0.2752,0.0498894778,0.1515995561,2.5759527981,0.1349055551,0.124,0.055136195,0.2458133271,3.8185041551,0.404357552,0.6008,0.0809898759,0.269562148,2.6781453544,-0.0687878463,0.2172,0.0499615852,-0.0798841011,2.5091658798,-0.0793050807,3,0,200,0.040309,0.038857,0.038322
250,0.3784615385,0.0737820234,0.2686870178,1.6098344045,-0.1320168216,0.0676923077,0.0388594798,0.4602076125,2.2521349043,0.3946627135,0.5538461538,0.0556829571,0.0036580329,2.7316811375,0.4897283795,0.2046153846,0.0484554331,0.2991335442,3.5816410315,0.5409667708,3,0,200,0.0339045,0.033431,0.0340144999999999
251,0.2748148148,0.0813938923,0.1446597338,2.5535355809,0.6655730835,0.0977777778,0.0449965705,-0.0937157872,2.3714098751,-0.0761274518,0.6274074074,0.0744656318,0.0355429906,2.1168428237,-0.4041706863,0.2266666667,0.048074017,0.2589552239,2.2855029586,0.2133462293,3,0,200,0.0348264999999999,0.0337205,0.0342279999999999
252,0.32,0.0792824967,0.0590163934,3.3195041322,0.6283629285,0.079047619,0.0451352214,0.3420066043,2.6357252113,0.4817629401,0.600952381,0.0741879699,-0.3434349004,2.2603868962,-0.2447019097,0.2104761905,0.0468509481,-0.1144245427,1.9768752134,0.3811563507,3,0,200,0.033644,0.0329785,0.032976
